<?xml version="1.0" encoding="UTF-8" ?>
<!DOCTYPE log4j:configuration SYSTEM "log4j.dtd">
<log4j:configuration xmlns:log4j="http://jakarta.apache.org/log4j/">
    <appender name="demo" class="org.apache.log4j.ConsoleAppender">
        <layout class="org.apache.log4j.PatternLayout">
            <param name="ConversionPattern" value="%t %-5p %c{2} - %m%n" />
        </layout>
    </appender>
    <logger name="co.jp.ars">
        <level value="info" />
        <appender-ref ref="demo" />
    </logger>
</log4j:configuration>
