<?xml version="1.0" encoding="UTF-8"?>
<!DOCTYPE mapper PUBLIC "-//mybatis.org//DTD Mapper 3.0//EN" "http://mybatis.org/dtd/mybatis-3-mapper.dtd">
<mapper namespace="jp.co.nec.manegedDoc.dao.mapper.DirectoryInfoMapper">
  <resultMap id="BaseResultMap" type="jp.co.nec.manegedDoc.dao.entity.DirectoryInfo">
    <!--
      WARNING - @mbg.generated
      This element is automatically generated by MyBatis Generator, do not modify.
      This element was generated on Mon Oct 28 15:27:01 JST 2019.
    -->
    <id column="directory_id" jdbcType="INTEGER" property="directory_id" />
    <result column="server_id" jdbcType="INTEGER" property="server_id" />
    <result column="directory_name" jdbcType="VARCHAR" property="directory_name" />
    <result column="parent_id" jdbcType="INTEGER" property="parent_id" />
    <result column="directory_path" jdbcType="VARCHAR" property="directory_path" />
    <result column="directory_type" jdbcType="INTEGER" property="directory_type" />
    <result column="create_time" jdbcType="TIMESTAMP" property="create_time" />
    <result column="update_time" jdbcType="TIMESTAMP" property="update_time" />
  </resultMap>
  <sql id="Example_Where_Clause">
    <!--
      WARNING - @mbg.generated
      This element is automatically generated by MyBatis Generator, do not modify.
      This element was generated on Mon Oct 28 15:27:01 JST 2019.
    -->
    <where>
      <foreach collection="oredCriteria" item="criteria" separator="or">
        <if test="criteria.valid">
          <trim prefix="(" prefixOverrides="and" suffix=")">
            <foreach collection="criteria.criteria" item="criterion">
              <choose>
                <when test="criterion.noValue">
                  and ${criterion.condition}
                </when>
                <when test="criterion.singleValue">
                  and ${criterion.condition} #{criterion.value}
                </when>
                <when test="criterion.betweenValue">
                  and ${criterion.condition} #{criterion.value} and #{criterion.secondValue}
                </when>
                <when test="criterion.listValue">
                  and ${criterion.condition}
                  <foreach close=")" collection="criterion.value" item="listItem" open="(" separator=",">
                    #{listItem}
                  </foreach>
                </when>
              </choose>
            </foreach>
          </trim>
        </if>
      </foreach>
    </where>
  </sql>
  <sql id="Update_By_Example_Where_Clause">
    <!--
      WARNING - @mbg.generated
      This element is automatically generated by MyBatis Generator, do not modify.
      This element was generated on Mon Oct 28 15:27:01 JST 2019.
    -->
    <where>
      <foreach collection="example.oredCriteria" item="criteria" separator="or">
        <if test="criteria.valid">
          <trim prefix="(" prefixOverrides="and" suffix=")">
            <foreach collection="criteria.criteria" item="criterion">
              <choose>
                <when test="criterion.noValue">
                  and ${criterion.condition}
                </when>
                <when test="criterion.singleValue">
                  and ${criterion.condition} #{criterion.value}
                </when>
                <when test="criterion.betweenValue">
                  and ${criterion.condition} #{criterion.value} and #{criterion.secondValue}
                </when>
                <when test="criterion.listValue">
                  and ${criterion.condition}
                  <foreach close=")" collection="criterion.value" item="listItem" open="(" separator=",">
                    #{listItem}
                  </foreach>
                </when>
              </choose>
            </foreach>
          </trim>
        </if>
      </foreach>
    </where>
  </sql>
  <sql id="Base_Column_List">
    <!--
      WARNING - @mbg.generated
      This element is automatically generated by MyBatis Generator, do not modify.
      This element was generated on Mon Oct 28 15:27:01 JST 2019.
    -->
    "directory_id", "server_id", "directory_name", "parent_id", "directory_path", "directory_type", 
    "create_time", "update_time"
  </sql>
  <select id="selectByExample" parameterType="jp.co.nec.manegedDoc.dao.entity.DirectoryInfoExample" resultMap="BaseResultMap">
    <!--
      WARNING - @mbg.generated
      This element is automatically generated by MyBatis Generator, do not modify.
      This element was generated on Mon Oct 28 15:27:01 JST 2019.
    -->
    select
    <if test="distinct">
      distinct
    </if>
    <include refid="Base_Column_List" />
    from "."directory_info"
    <if test="_parameter != null">
      <include refid="Example_Where_Clause" />
    </if>
    <if test="orderByClause != null">
      order by ${orderByClause}
    </if>
  </select>
  <select id="selectByPrimaryKey" parameterType="java.lang.Integer" resultMap="BaseResultMap">
    <!--
      WARNING - @mbg.generated
      This element is automatically generated by MyBatis Generator, do not modify.
      This element was generated on Mon Oct 28 15:27:01 JST 2019.
    -->
    select 
    <include refid="Base_Column_List" />
    from "."directory_info"
    where "directory_id" = #{directory_id,jdbcType=INTEGER}
  </select>
  <delete id="deleteByPrimaryKey" parameterType="java.lang.Integer">
    <!--
      WARNING - @mbg.generated
      This element is automatically generated by MyBatis Generator, do not modify.
      This element was generated on Mon Oct 28 15:27:01 JST 2019.
    -->
    delete from "."directory_info"
    where "directory_id" = #{directory_id,jdbcType=INTEGER}
  </delete>
  <delete id="deleteByExample" parameterType="jp.co.nec.manegedDoc.dao.entity.DirectoryInfoExample">
    <!--
      WARNING - @mbg.generated
      This element is automatically generated by MyBatis Generator, do not modify.
      This element was generated on Mon Oct 28 15:27:01 JST 2019.
    -->
    delete from "."directory_info"
    <if test="_parameter != null">
      <include refid="Example_Where_Clause" />
    </if>
  </delete>
  <insert id="insert" parameterType="jp.co.nec.manegedDoc.dao.entity.DirectoryInfo">
    <!--
      WARNING - @mbg.generated
      This element is automatically generated by MyBatis Generator, do not modify.
      This element was generated on Mon Oct 28 15:27:01 JST 2019.
    -->
    insert into "."directory_info" ("directory_id", "server_id", "directory_name", 
      "parent_id", "directory_path", "directory_type", 
      "create_time", "update_time")
    values (#{directory_id,jdbcType=INTEGER}, #{server_id,jdbcType=INTEGER}, #{directory_name,jdbcType=VARCHAR}, 
      #{parent_id,jdbcType=INTEGER}, #{directory_path,jdbcType=VARCHAR}, #{directory_type,jdbcType=INTEGER}, 
      #{create_time,jdbcType=TIMESTAMP}, #{update_time,jdbcType=TIMESTAMP})
  </insert>
  <insert id="insertSelective" parameterType="jp.co.nec.manegedDoc.dao.entity.DirectoryInfo">
    <!--
      WARNING - @mbg.generated
      This element is automatically generated by MyBatis Generator, do not modify.
      This element was generated on Mon Oct 28 15:27:01 JST 2019.
    -->
    insert into "."directory_info"
    <trim prefix="(" suffix=")" suffixOverrides=",">
      <if test="directory_id != null">
        "directory_id",
      </if>
      <if test="server_id != null">
        "server_id",
      </if>
      <if test="directory_name != null">
        "directory_name",
      </if>
      <if test="parent_id != null">
        "parent_id",
      </if>
      <if test="directory_path != null">
        "directory_path",
      </if>
      <if test="directory_type != null">
        "directory_type",
      </if>
      <if test="create_time != null">
        "create_time",
      </if>
      <if test="update_time != null">
        "update_time",
      </if>
    </trim>
    <trim prefix="values (" suffix=")" suffixOverrides=",">
      <if test="directory_id != null">
        #{directory_id,jdbcType=INTEGER},
      </if>
      <if test="server_id != null">
        #{server_id,jdbcType=INTEGER},
      </if>
      <if test="directory_name != null">
        #{directory_name,jdbcType=VARCHAR},
      </if>
      <if test="parent_id != null">
        #{parent_id,jdbcType=INTEGER},
      </if>
      <if test="directory_path != null">
        #{directory_path,jdbcType=VARCHAR},
      </if>
      <if test="directory_type != null">
        #{directory_type,jdbcType=INTEGER},
      </if>
      <if test="create_time != null">
        #{create_time,jdbcType=TIMESTAMP},
      </if>
      <if test="update_time != null">
        #{update_time,jdbcType=TIMESTAMP},
      </if>
    </trim>
  </insert>
  <select id="countByExample" parameterType="jp.co.nec.manegedDoc.dao.entity.DirectoryInfoExample" resultType="java.lang.Long">
    <!--
      WARNING - @mbg.generated
      This element is automatically generated by MyBatis Generator, do not modify.
      This element was generated on Mon Oct 28 15:27:01 JST 2019.
    -->
    select count(*) from "."directory_info"
    <if test="_parameter != null">
      <include refid="Example_Where_Clause" />
    </if>
  </select>
  <update id="updateByExampleSelective" parameterType="map">
    <!--
      WARNING - @mbg.generated
      This element is automatically generated by MyBatis Generator, do not modify.
      This element was generated on Mon Oct 28 15:27:01 JST 2019.
    -->
    update "."directory_info"
    <set>
      <if test="record.directory_id != null">
        "directory_id" = #{record.directory_id,jdbcType=INTEGER},
      </if>
      <if test="record.server_id != null">
        "server_id" = #{record.server_id,jdbcType=INTEGER},
      </if>
      <if test="record.directory_name != null">
        "directory_name" = #{record.directory_name,jdbcType=VARCHAR},
      </if>
      <if test="record.parent_id != null">
        "parent_id" = #{record.parent_id,jdbcType=INTEGER},
      </if>
      <if test="record.directory_path != null">
        "directory_path" = #{record.directory_path,jdbcType=VARCHAR},
      </if>
      <if test="record.directory_type != null">
        "directory_type" = #{record.directory_type,jdbcType=INTEGER},
      </if>
      <if test="record.create_time != null">
        "create_time" = #{record.create_time,jdbcType=TIMESTAMP},
      </if>
      <if test="record.update_time != null">
        "update_time" = #{record.update_time,jdbcType=TIMESTAMP},
      </if>
    </set>
    <if test="_parameter != null">
      <include refid="Update_By_Example_Where_Clause" />
    </if>
  </update>
  <update id="updateByExample" parameterType="map">
    <!--
      WARNING - @mbg.generated
      This element is automatically generated by MyBatis Generator, do not modify.
      This element was generated on Mon Oct 28 15:27:01 JST 2019.
    -->
    update "."directory_info"
    set "directory_id" = #{record.directory_id,jdbcType=INTEGER},
      "server_id" = #{record.server_id,jdbcType=INTEGER},
      "directory_name" = #{record.directory_name,jdbcType=VARCHAR},
      "parent_id" = #{record.parent_id,jdbcType=INTEGER},
      "directory_path" = #{record.directory_path,jdbcType=VARCHAR},
      "directory_type" = #{record.directory_type,jdbcType=INTEGER},
      "create_time" = #{record.create_time,jdbcType=TIMESTAMP},
      "update_time" = #{record.update_time,jdbcType=TIMESTAMP}
    <if test="_parameter != null">
      <include refid="Update_By_Example_Where_Clause" />
    </if>
  </update>
  <update id="updateByPrimaryKeySelective" parameterType="jp.co.nec.manegedDoc.dao.entity.DirectoryInfo">
    <!--
      WARNING - @mbg.generated
      This element is automatically generated by MyBatis Generator, do not modify.
      This element was generated on Mon Oct 28 15:27:01 JST 2019.
    -->
    update "."directory_info"
    <set>
      <if test="server_id != null">
        "server_id" = #{server_id,jdbcType=INTEGER},
      </if>
      <if test="directory_name != null">
        "directory_name" = #{directory_name,jdbcType=VARCHAR},
      </if>
      <if test="parent_id != null">
        "parent_id" = #{parent_id,jdbcType=INTEGER},
      </if>
      <if test="directory_path != null">
        "directory_path" = #{directory_path,jdbcType=VARCHAR},
      </if>
      <if test="directory_type != null">
        "directory_type" = #{directory_type,jdbcType=INTEGER},
      </if>
      <if test="create_time != null">
        "create_time" = #{create_time,jdbcType=TIMESTAMP},
      </if>
      <if test="update_time != null">
        "update_time" = #{update_time,jdbcType=TIMESTAMP},
      </if>
    </set>
    where "directory_id" = #{directory_id,jdbcType=INTEGER}
  </update>
  <update id="updateByPrimaryKey" parameterType="jp.co.nec.manegedDoc.dao.entity.DirectoryInfo">
    <!--
      WARNING - @mbg.generated
      This element is automatically generated by MyBatis Generator, do not modify.
      This element was generated on Mon Oct 28 15:27:01 JST 2019.
    -->
    update "."directory_info"
    set "server_id" = #{server_id,jdbcType=INTEGER},
      "directory_name" = #{directory_name,jdbcType=VARCHAR},
      "parent_id" = #{parent_id,jdbcType=INTEGER},
      "directory_path" = #{directory_path,jdbcType=VARCHAR},
      "directory_type" = #{directory_type,jdbcType=INTEGER},
      "create_time" = #{create_time,jdbcType=TIMESTAMP},
      "update_time" = #{update_time,jdbcType=TIMESTAMP}
    where "directory_id" = #{directory_id,jdbcType=INTEGER}
  </update>
</mapper>