<?xml version="1.0" encoding="UTF-8"?>
<!DOCTYPE mapper PUBLIC "-//mybatis.org//DTD Mapper 3.0//EN" "http://mybatis.org/dtd/mybatis-3-mapper.dtd">
<mapper namespace="jp.co.nec.docmng.dao.mapper.common.DocumentInfoInternalMapper">
  <resultMap id="BaseResultMap" type="jp.co.nec.docmng.dao.entity.common.DocumentInfoInternal">
    <!--
      WARNING - @mbg.generated
      This element is automatically generated by MyBatis Generator, do not modify.
      This element was generated on Wed Oct 30 19:29:06 JST 2019.
    -->
    <id column="document_id" jdbcType="INTEGER" property="documentId" />
    <result column="document_contents" jdbcType="VARCHAR" property="documentContents" />
    <result column="server_id" jdbcType="INTEGER" property="serverId" />
    <result column="document_name" jdbcType="VARCHAR" property="documentName" />
    <result column="extension" jdbcType="VARCHAR" property="extension" />
    <result column="document_size" jdbcType="NUMERIC" property="documentSize" />
    <result column="parent_id" jdbcType="INTEGER" property="parentId" />
    <result column="file_path" jdbcType="VARCHAR" property="filePath" />
    <result column="marker" jdbcType="VARCHAR" property="marker" />
    <result column="category_id" jdbcType="INTEGER" property="categoryId" />
    <result column="procenter_flg" jdbcType="BIT" property="procenterFlg" />
    <result column="retention_period" jdbcType="TIMESTAMP" property="retentionPeriod" />
    <result column="author" jdbcType="VARCHAR" property="author" />
    <result column="updater" jdbcType="VARCHAR" property="updater" />
    <result column="authorizer" jdbcType="VARCHAR" property="authorizer" />
    <result column="file_update_time" jdbcType="TIMESTAMP" property="fileUpdateTime" />
    <result column="mask_status" jdbcType="INTEGER" property="maskStatus" />
    <result column="crawl_act_time" jdbcType="TIMESTAMP" property="crawlActTime" />
    <result column="document_update_flg" jdbcType="BIT" property="documentUpdateFlg" />
    <result column="document_del_flg" jdbcType="BIT" property="documentDelFlg" />
    <result column="create_time" jdbcType="TIMESTAMP" property="createTime" />
    <result column="update_time" jdbcType="TIMESTAMP" property="updateTime" />
  </resultMap>
  <resultMap extends="BaseResultMap" id="ResultMapWithBLOBs" type="jp.co.nec.docmng.dao.entity.common.DocumentInfoInternal">
    <!--
      WARNING - @mbg.generated
      This element is automatically generated by MyBatis Generator, do not modify.
      This element was generated on Wed Oct 30 19:29:06 JST 2019.
    -->
    <result column="html_zip_data" jdbcType="BINARY" property="htmlZipData" />
  </resultMap>
  <sql id="Example_Where_Clause">
    <!--
      WARNING - @mbg.generated
      This element is automatically generated by MyBatis Generator, do not modify.
      This element was generated on Wed Oct 30 19:29:06 JST 2019.
    -->
    <where>
      <foreach collection="oredCriteria" item="criteria" separator="or">
        <if test="criteria.valid">
          <trim prefix="(" prefixOverrides="and" suffix=")">
            <foreach collection="criteria.criteria" item="criterion">
              <choose>
                <when test="criterion.noValue">
                  and ${criterion.condition}
                </when>
                <when test="criterion.singleValue">
                  and ${criterion.condition} #{criterion.value}
                </when>
                <when test="criterion.betweenValue">
                  and ${criterion.condition} #{criterion.value} and #{criterion.secondValue}
                </when>
                <when test="criterion.listValue">
                  and ${criterion.condition}
                  <foreach close=")" collection="criterion.value" item="listItem" open="(" separator=",">
                    #{listItem}
                  </foreach>
                </when>
              </choose>
            </foreach>
          </trim>
        </if>
      </foreach>
    </where>
  </sql>
  <sql id="Update_By_Example_Where_Clause">
    <!--
      WARNING - @mbg.generated
      This element is automatically generated by MyBatis Generator, do not modify.
      This element was generated on Wed Oct 30 19:29:06 JST 2019.
    -->
    <where>
      <foreach collection="example.oredCriteria" item="criteria" separator="or">
        <if test="criteria.valid">
          <trim prefix="(" prefixOverrides="and" suffix=")">
            <foreach collection="criteria.criteria" item="criterion">
              <choose>
                <when test="criterion.noValue">
                  and ${criterion.condition}
                </when>
                <when test="criterion.singleValue">
                  and ${criterion.condition} #{criterion.value}
                </when>
                <when test="criterion.betweenValue">
                  and ${criterion.condition} #{criterion.value} and #{criterion.secondValue}
                </when>
                <when test="criterion.listValue">
                  and ${criterion.condition}
                  <foreach close=")" collection="criterion.value" item="listItem" open="(" separator=",">
                    #{listItem}
                  </foreach>
                </when>
              </choose>
            </foreach>
          </trim>
        </if>
      </foreach>
    </where>
  </sql>
  <sql id="Base_Column_List">
    <!--
      WARNING - @mbg.generated
      This element is automatically generated by MyBatis Generator, do not modify.
      This element was generated on Wed Oct 30 19:29:06 JST 2019.
    -->
    document_id, document_contents, server_id, document_name, extension, document_size, 
    parent_id, file_path, marker, category_id, procenter_flg, retention_period, author, 
    updater, authorizer, file_update_time, mask_status, crawl_act_time, document_update_flg, 
    document_del_flg, create_time, update_time
  </sql>
  <sql id="Blob_Column_List">
    <!--
      WARNING - @mbg.generated
      This element is automatically generated by MyBatis Generator, do not modify.
      This element was generated on Wed Oct 30 19:29:06 JST 2019.
    -->
    html_zip_data
  </sql>
  <select id="selectByExampleWithBLOBs" parameterType="jp.co.nec.docmng.dao.entity.common.DocumentInfoInternalExample" resultMap="ResultMapWithBLOBs">
    <!--
      WARNING - @mbg.generated
      This element is automatically generated by MyBatis Generator, do not modify.
      This element was generated on Wed Oct 30 19:29:06 JST 2019.
    -->
    select
    <if test="distinct">
      distinct
    </if>
    <include refid="Base_Column_List" />
    ,
    <include refid="Blob_Column_List" />
    from common.document_info_internal
    <if test="_parameter != null">
      <include refid="Example_Where_Clause" />
    </if>
    <if test="orderByClause != null">
      order by ${orderByClause}
    </if>
  </select>
  <select id="selectByExample" parameterType="jp.co.nec.docmng.dao.entity.common.DocumentInfoInternalExample" resultMap="BaseResultMap">
    <!--
      WARNING - @mbg.generated
      This element is automatically generated by MyBatis Generator, do not modify.
      This element was generated on Wed Oct 30 19:29:06 JST 2019.
    -->
    select
    <if test="distinct">
      distinct
    </if>
    <include refid="Base_Column_List" />
    from common.document_info_internal
    <if test="_parameter != null">
      <include refid="Example_Where_Clause" />
    </if>
    <if test="orderByClause != null">
      order by ${orderByClause}
    </if>
  </select>
  <select id="selectByPrimaryKey" parameterType="java.lang.Integer" resultMap="ResultMapWithBLOBs">
    <!--
      WARNING - @mbg.generated
      This element is automatically generated by MyBatis Generator, do not modify.
      This element was generated on Wed Oct 30 19:29:06 JST 2019.
    -->
    select 
    <include refid="Base_Column_List" />
    ,
    <include refid="Blob_Column_List" />
    from common.document_info_internal
    where document_id = #{documentId,jdbcType=INTEGER}
  </select>
  <delete id="deleteByPrimaryKey" parameterType="java.lang.Integer">
    <!--
      WARNING - @mbg.generated
      This element is automatically generated by MyBatis Generator, do not modify.
      This element was generated on Wed Oct 30 19:29:06 JST 2019.
    -->
    delete from common.document_info_internal
    where document_id = #{documentId,jdbcType=INTEGER}
  </delete>
  <delete id="deleteByExample" parameterType="jp.co.nec.docmng.dao.entity.common.DocumentInfoInternalExample">
    <!--
      WARNING - @mbg.generated
      This element is automatically generated by MyBatis Generator, do not modify.
      This element was generated on Wed Oct 30 19:29:06 JST 2019.
    -->
    delete from common.document_info_internal
    <if test="_parameter != null">
      <include refid="Example_Where_Clause" />
    </if>
  </delete>
  <insert id="insert" parameterType="jp.co.nec.docmng.dao.entity.common.DocumentInfoInternal">
    <!--
      WARNING - @mbg.generated
      This element is automatically generated by MyBatis Generator, do not modify.
      This element was generated on Wed Oct 30 19:29:06 JST 2019.
    -->
    insert into common.document_info_internal (document_id, document_contents, server_id, 
      document_name, extension, document_size, 
      parent_id, file_path, marker, 
      category_id, procenter_flg, retention_period, 
      author, updater, authorizer, 
      file_update_time, mask_status, crawl_act_time, 
      document_update_flg, document_del_flg, create_time, 
      update_time, html_zip_data)
    values (#{documentId,jdbcType=INTEGER}, #{documentContents,jdbcType=VARCHAR}, #{serverId,jdbcType=INTEGER}, 
      #{documentName,jdbcType=VARCHAR}, #{extension,jdbcType=VARCHAR}, #{documentSize,jdbcType=NUMERIC}, 
      #{parentId,jdbcType=INTEGER}, #{filePath,jdbcType=VARCHAR}, #{marker,jdbcType=VARCHAR}, 
      #{categoryId,jdbcType=INTEGER}, #{procenterFlg,jdbcType=BIT}, #{retentionPeriod,jdbcType=TIMESTAMP}, 
      #{author,jdbcType=VARCHAR}, #{updater,jdbcType=VARCHAR}, #{authorizer,jdbcType=VARCHAR}, 
      #{fileUpdateTime,jdbcType=TIMESTAMP}, #{maskStatus,jdbcType=INTEGER}, #{crawlActTime,jdbcType=TIMESTAMP}, 
      #{documentUpdateFlg,jdbcType=BIT}, #{documentDelFlg,jdbcType=BIT}, #{createTime,jdbcType=TIMESTAMP}, 
      #{updateTime,jdbcType=TIMESTAMP}, #{htmlZipData,jdbcType=BINARY})
  </insert>
  <insert id="insertSelective" parameterType="jp.co.nec.docmng.dao.entity.common.DocumentInfoInternal">
    <!--
      WARNING - @mbg.generated
      This element is automatically generated by MyBatis Generator, do not modify.
      This element was generated on Wed Oct 30 19:29:06 JST 2019.
    -->
    insert into common.document_info_internal
    <trim prefix="(" suffix=")" suffixOverrides=",">
      <if test="documentId != null">
        document_id,
      </if>
      <if test="documentContents != null">
        document_contents,
      </if>
      <if test="serverId != null">
        server_id,
      </if>
      <if test="documentName != null">
        document_name,
      </if>
      <if test="extension != null">
        extension,
      </if>
      <if test="documentSize != null">
        document_size,
      </if>
      <if test="parentId != null">
        parent_id,
      </if>
      <if test="filePath != null">
        file_path,
      </if>
      <if test="marker != null">
        marker,
      </if>
      <if test="categoryId != null">
        category_id,
      </if>
      <if test="procenterFlg != null">
        procenter_flg,
      </if>
      <if test="retentionPeriod != null">
        retention_period,
      </if>
      <if test="author != null">
        author,
      </if>
      <if test="updater != null">
        updater,
      </if>
      <if test="authorizer != null">
        authorizer,
      </if>
      <if test="fileUpdateTime != null">
        file_update_time,
      </if>
      <if test="maskStatus != null">
        mask_status,
      </if>
      <if test="crawlActTime != null">
        crawl_act_time,
      </if>
      <if test="documentUpdateFlg != null">
        document_update_flg,
      </if>
      <if test="documentDelFlg != null">
        document_del_flg,
      </if>
      <if test="createTime != null">
        create_time,
      </if>
      <if test="updateTime != null">
        update_time,
      </if>
      <if test="htmlZipData != null">
        html_zip_data,
      </if>
    </trim>
    <trim prefix="values (" suffix=")" suffixOverrides=",">
      <if test="documentId != null">
        #{documentId,jdbcType=INTEGER},
      </if>
      <if test="documentContents != null">
        #{documentContents,jdbcType=VARCHAR},
      </if>
      <if test="serverId != null">
        #{serverId,jdbcType=INTEGER},
      </if>
      <if test="documentName != null">
        #{documentName,jdbcType=VARCHAR},
      </if>
      <if test="extension != null">
        #{extension,jdbcType=VARCHAR},
      </if>
      <if test="documentSize != null">
        #{documentSize,jdbcType=NUMERIC},
      </if>
      <if test="parentId != null">
        #{parentId,jdbcType=INTEGER},
      </if>
      <if test="filePath != null">
        #{filePath,jdbcType=VARCHAR},
      </if>
      <if test="marker != null">
        #{marker,jdbcType=VARCHAR},
      </if>
      <if test="categoryId != null">
        #{categoryId,jdbcType=INTEGER},
      </if>
      <if test="procenterFlg != null">
        #{procenterFlg,jdbcType=BIT},
      </if>
      <if test="retentionPeriod != null">
        #{retentionPeriod,jdbcType=TIMESTAMP},
      </if>
      <if test="author != null">
        #{author,jdbcType=VARCHAR},
      </if>
      <if test="updater != null">
        #{updater,jdbcType=VARCHAR},
      </if>
      <if test="authorizer != null">
        #{authorizer,jdbcType=VARCHAR},
      </if>
      <if test="fileUpdateTime != null">
        #{fileUpdateTime,jdbcType=TIMESTAMP},
      </if>
      <if test="maskStatus != null">
        #{maskStatus,jdbcType=INTEGER},
      </if>
      <if test="crawlActTime != null">
        #{crawlActTime,jdbcType=TIMESTAMP},
      </if>
      <if test="documentUpdateFlg != null">
        #{documentUpdateFlg,jdbcType=BIT},
      </if>
      <if test="documentDelFlg != null">
        #{documentDelFlg,jdbcType=BIT},
      </if>
      <if test="createTime != null">
        #{createTime,jdbcType=TIMESTAMP},
      </if>
      <if test="updateTime != null">
        #{updateTime,jdbcType=TIMESTAMP},
      </if>
      <if test="htmlZipData != null">
        #{htmlZipData,jdbcType=BINARY},
      </if>
    </trim>
  </insert>
  <select id="countByExample" parameterType="jp.co.nec.docmng.dao.entity.common.DocumentInfoInternalExample" resultType="java.lang.Long">
    <!--
      WARNING - @mbg.generated
      This element is automatically generated by MyBatis Generator, do not modify.
      This element was generated on Wed Oct 30 19:29:06 JST 2019.
    -->
    select count(*) from common.document_info_internal
    <if test="_parameter != null">
      <include refid="Example_Where_Clause" />
    </if>
  </select>
  <update id="updateByExampleSelective" parameterType="map">
    <!--
      WARNING - @mbg.generated
      This element is automatically generated by MyBatis Generator, do not modify.
      This element was generated on Wed Oct 30 19:29:06 JST 2019.
    -->
    update common.document_info_internal
    <set>
      <if test="record.documentId != null">
        document_id = #{record.documentId,jdbcType=INTEGER},
      </if>
      <if test="record.documentContents != null">
        document_contents = #{record.documentContents,jdbcType=VARCHAR},
      </if>
      <if test="record.serverId != null">
        server_id = #{record.serverId,jdbcType=INTEGER},
      </if>
      <if test="record.documentName != null">
        document_name = #{record.documentName,jdbcType=VARCHAR},
      </if>
      <if test="record.extension != null">
        extension = #{record.extension,jdbcType=VARCHAR},
      </if>
      <if test="record.documentSize != null">
        document_size = #{record.documentSize,jdbcType=NUMERIC},
      </if>
      <if test="record.parentId != null">
        parent_id = #{record.parentId,jdbcType=INTEGER},
      </if>
      <if test="record.filePath != null">
        file_path = #{record.filePath,jdbcType=VARCHAR},
      </if>
      <if test="record.marker != null">
        marker = #{record.marker,jdbcType=VARCHAR},
      </if>
      <if test="record.categoryId != null">
        category_id = #{record.categoryId,jdbcType=INTEGER},
      </if>
      <if test="record.procenterFlg != null">
        procenter_flg = #{record.procenterFlg,jdbcType=BIT},
      </if>
      <if test="record.retentionPeriod != null">
        retention_period = #{record.retentionPeriod,jdbcType=TIMESTAMP},
      </if>
      <if test="record.author != null">
        author = #{record.author,jdbcType=VARCHAR},
      </if>
      <if test="record.updater != null">
        updater = #{record.updater,jdbcType=VARCHAR},
      </if>
      <if test="record.authorizer != null">
        authorizer = #{record.authorizer,jdbcType=VARCHAR},
      </if>
      <if test="record.fileUpdateTime != null">
        file_update_time = #{record.fileUpdateTime,jdbcType=TIMESTAMP},
      </if>
      <if test="record.maskStatus != null">
        mask_status = #{record.maskStatus,jdbcType=INTEGER},
      </if>
      <if test="record.crawlActTime != null">
        crawl_act_time = #{record.crawlActTime,jdbcType=TIMESTAMP},
      </if>
      <if test="record.documentUpdateFlg != null">
        document_update_flg = #{record.documentUpdateFlg,jdbcType=BIT},
      </if>
      <if test="record.documentDelFlg != null">
        document_del_flg = #{record.documentDelFlg,jdbcType=BIT},
      </if>
      <if test="record.createTime != null">
        create_time = #{record.createTime,jdbcType=TIMESTAMP},
      </if>
      <if test="record.updateTime != null">
        update_time = #{record.updateTime,jdbcType=TIMESTAMP},
      </if>
      <if test="record.htmlZipData != null">
        html_zip_data = #{record.htmlZipData,jdbcType=BINARY},
      </if>
    </set>
    <if test="_parameter != null">
      <include refid="Update_By_Example_Where_Clause" />
    </if>
  </update>
  <update id="updateByExampleWithBLOBs" parameterType="map">
    <!--
      WARNING - @mbg.generated
      This element is automatically generated by MyBatis Generator, do not modify.
      This element was generated on Wed Oct 30 19:29:06 JST 2019.
    -->
    update common.document_info_internal
    set document_id = #{record.documentId,jdbcType=INTEGER},
      document_contents = #{record.documentContents,jdbcType=VARCHAR},
      server_id = #{record.serverId,jdbcType=INTEGER},
      document_name = #{record.documentName,jdbcType=VARCHAR},
      extension = #{record.extension,jdbcType=VARCHAR},
      document_size = #{record.documentSize,jdbcType=NUMERIC},
      parent_id = #{record.parentId,jdbcType=INTEGER},
      file_path = #{record.filePath,jdbcType=VARCHAR},
      marker = #{record.marker,jdbcType=VARCHAR},
      category_id = #{record.categoryId,jdbcType=INTEGER},
      procenter_flg = #{record.procenterFlg,jdbcType=BIT},
      retention_period = #{record.retentionPeriod,jdbcType=TIMESTAMP},
      author = #{record.author,jdbcType=VARCHAR},
      updater = #{record.updater,jdbcType=VARCHAR},
      authorizer = #{record.authorizer,jdbcType=VARCHAR},
      file_update_time = #{record.fileUpdateTime,jdbcType=TIMESTAMP},
      mask_status = #{record.maskStatus,jdbcType=INTEGER},
      crawl_act_time = #{record.crawlActTime,jdbcType=TIMESTAMP},
      document_update_flg = #{record.documentUpdateFlg,jdbcType=BIT},
      document_del_flg = #{record.documentDelFlg,jdbcType=BIT},
      create_time = #{record.createTime,jdbcType=TIMESTAMP},
      update_time = #{record.updateTime,jdbcType=TIMESTAMP},
      html_zip_data = #{record.htmlZipData,jdbcType=BINARY}
    <if test="_parameter != null">
      <include refid="Update_By_Example_Where_Clause" />
    </if>
  </update>
  <update id="updateByExample" parameterType="map">
    <!--
      WARNING - @mbg.generated
      This element is automatically generated by MyBatis Generator, do not modify.
      This element was generated on Wed Oct 30 19:29:06 JST 2019.
    -->
    update common.document_info_internal
    set document_id = #{record.documentId,jdbcType=INTEGER},
      document_contents = #{record.documentContents,jdbcType=VARCHAR},
      server_id = #{record.serverId,jdbcType=INTEGER},
      document_name = #{record.documentName,jdbcType=VARCHAR},
      extension = #{record.extension,jdbcType=VARCHAR},
      document_size = #{record.documentSize,jdbcType=NUMERIC},
      parent_id = #{record.parentId,jdbcType=INTEGER},
      file_path = #{record.filePath,jdbcType=VARCHAR},
      marker = #{record.marker,jdbcType=VARCHAR},
      category_id = #{record.categoryId,jdbcType=INTEGER},
      procenter_flg = #{record.procenterFlg,jdbcType=BIT},
      retention_period = #{record.retentionPeriod,jdbcType=TIMESTAMP},
      author = #{record.author,jdbcType=VARCHAR},
      updater = #{record.updater,jdbcType=VARCHAR},
      authorizer = #{record.authorizer,jdbcType=VARCHAR},
      file_update_time = #{record.fileUpdateTime,jdbcType=TIMESTAMP},
      mask_status = #{record.maskStatus,jdbcType=INTEGER},
      crawl_act_time = #{record.crawlActTime,jdbcType=TIMESTAMP},
      document_update_flg = #{record.documentUpdateFlg,jdbcType=BIT},
      document_del_flg = #{record.documentDelFlg,jdbcType=BIT},
      create_time = #{record.createTime,jdbcType=TIMESTAMP},
      update_time = #{record.updateTime,jdbcType=TIMESTAMP}
    <if test="_parameter != null">
      <include refid="Update_By_Example_Where_Clause" />
    </if>
  </update>
  <update id="updateByPrimaryKeySelective" parameterType="jp.co.nec.docmng.dao.entity.common.DocumentInfoInternal">
    <!--
      WARNING - @mbg.generated
      This element is automatically generated by MyBatis Generator, do not modify.
      This element was generated on Wed Oct 30 19:29:06 JST 2019.
    -->
    update common.document_info_internal
    <set>
      <if test="documentContents != null">
        document_contents = #{documentContents,jdbcType=VARCHAR},
      </if>
      <if test="serverId != null">
        server_id = #{serverId,jdbcType=INTEGER},
      </if>
      <if test="documentName != null">
        document_name = #{documentName,jdbcType=VARCHAR},
      </if>
      <if test="extension != null">
        extension = #{extension,jdbcType=VARCHAR},
      </if>
      <if test="documentSize != null">
        document_size = #{documentSize,jdbcType=NUMERIC},
      </if>
      <if test="parentId != null">
        parent_id = #{parentId,jdbcType=INTEGER},
      </if>
      <if test="filePath != null">
        file_path = #{filePath,jdbcType=VARCHAR},
      </if>
      <if test="marker != null">
        marker = #{marker,jdbcType=VARCHAR},
      </if>
      <if test="categoryId != null">
        category_id = #{categoryId,jdbcType=INTEGER},
      </if>
      <if test="procenterFlg != null">
        procenter_flg = #{procenterFlg,jdbcType=BIT},
      </if>
      <if test="retentionPeriod != null">
        retention_period = #{retentionPeriod,jdbcType=TIMESTAMP},
      </if>
      <if test="author != null">
        author = #{author,jdbcType=VARCHAR},
      </if>
      <if test="updater != null">
        updater = #{updater,jdbcType=VARCHAR},
      </if>
      <if test="authorizer != null">
        authorizer = #{authorizer,jdbcType=VARCHAR},
      </if>
      <if test="fileUpdateTime != null">
        file_update_time = #{fileUpdateTime,jdbcType=TIMESTAMP},
      </if>
      <if test="maskStatus != null">
        mask_status = #{maskStatus,jdbcType=INTEGER},
      </if>
      <if test="crawlActTime != null">
        crawl_act_time = #{crawlActTime,jdbcType=TIMESTAMP},
      </if>
      <if test="documentUpdateFlg != null">
        document_update_flg = #{documentUpdateFlg,jdbcType=BIT},
      </if>
      <if test="documentDelFlg != null">
        document_del_flg = #{documentDelFlg,jdbcType=BIT},
      </if>
      <if test="createTime != null">
        create_time = #{createTime,jdbcType=TIMESTAMP},
      </if>
      <if test="updateTime != null">
        update_time = #{updateTime,jdbcType=TIMESTAMP},
      </if>
      <if test="htmlZipData != null">
        html_zip_data = #{htmlZipData,jdbcType=BINARY},
      </if>
    </set>
    where document_id = #{documentId,jdbcType=INTEGER}
  </update>
  <update id="updateByPrimaryKeyWithBLOBs" parameterType="jp.co.nec.docmng.dao.entity.common.DocumentInfoInternal">
    <!--
      WARNING - @mbg.generated
      This element is automatically generated by MyBatis Generator, do not modify.
      This element was generated on Wed Oct 30 19:29:06 JST 2019.
    -->
    update common.document_info_internal
    set document_contents = #{documentContents,jdbcType=VARCHAR},
      server_id = #{serverId,jdbcType=INTEGER},
      document_name = #{documentName,jdbcType=VARCHAR},
      extension = #{extension,jdbcType=VARCHAR},
      document_size = #{documentSize,jdbcType=NUMERIC},
      parent_id = #{parentId,jdbcType=INTEGER},
      file_path = #{filePath,jdbcType=VARCHAR},
      marker = #{marker,jdbcType=VARCHAR},
      category_id = #{categoryId,jdbcType=INTEGER},
      procenter_flg = #{procenterFlg,jdbcType=BIT},
      retention_period = #{retentionPeriod,jdbcType=TIMESTAMP},
      author = #{author,jdbcType=VARCHAR},
      updater = #{updater,jdbcType=VARCHAR},
      authorizer = #{authorizer,jdbcType=VARCHAR},
      file_update_time = #{fileUpdateTime,jdbcType=TIMESTAMP},
      mask_status = #{maskStatus,jdbcType=INTEGER},
      crawl_act_time = #{crawlActTime,jdbcType=TIMESTAMP},
      document_update_flg = #{documentUpdateFlg,jdbcType=BIT},
      document_del_flg = #{documentDelFlg,jdbcType=BIT},
      create_time = #{createTime,jdbcType=TIMESTAMP},
      update_time = #{updateTime,jdbcType=TIMESTAMP},
      html_zip_data = #{htmlZipData,jdbcType=BINARY}
    where document_id = #{documentId,jdbcType=INTEGER}
  </update>
  <update id="updateByPrimaryKey" parameterType="jp.co.nec.docmng.dao.entity.common.DocumentInfoInternal">
    <!--
      WARNING - @mbg.generated
      This element is automatically generated by MyBatis Generator, do not modify.
      This element was generated on Wed Oct 30 19:29:06 JST 2019.
    -->
    update common.document_info_internal
    set document_contents = #{documentContents,jdbcType=VARCHAR},
      server_id = #{serverId,jdbcType=INTEGER},
      document_name = #{documentName,jdbcType=VARCHAR},
      extension = #{extension,jdbcType=VARCHAR},
      document_size = #{documentSize,jdbcType=NUMERIC},
      parent_id = #{parentId,jdbcType=INTEGER},
      file_path = #{filePath,jdbcType=VARCHAR},
      marker = #{marker,jdbcType=VARCHAR},
      category_id = #{categoryId,jdbcType=INTEGER},
      procenter_flg = #{procenterFlg,jdbcType=BIT},
      retention_period = #{retentionPeriod,jdbcType=TIMESTAMP},
      author = #{author,jdbcType=VARCHAR},
      updater = #{updater,jdbcType=VARCHAR},
      authorizer = #{authorizer,jdbcType=VARCHAR},
      file_update_time = #{fileUpdateTime,jdbcType=TIMESTAMP},
      mask_status = #{maskStatus,jdbcType=INTEGER},
      crawl_act_time = #{crawlActTime,jdbcType=TIMESTAMP},
      document_update_flg = #{documentUpdateFlg,jdbcType=BIT},
      document_del_flg = #{documentDelFlg,jdbcType=BIT},
      create_time = #{createTime,jdbcType=TIMESTAMP},
      update_time = #{updateTime,jdbcType=TIMESTAMP}
    where document_id = #{documentId,jdbcType=INTEGER}
  </update>
</mapper>