<?xml version="1.0" encoding="UTF-8"?>
<!DOCTYPE mapper PUBLIC "-//mybatis.org//DTD Mapper 3.0//EN" "http://mybatis.org/dtd/mybatis-3-mapper.dtd">
<mapper namespace="jp.co.nec.manegedDoc.dao.mapper.CategoryInfoMapper">
  <resultMap id="BaseResultMap" type="jp.co.nec.manegedDoc.dao.entity.CategoryInfo">
    <!--
      WARNING - @mbg.generated
      This element is automatically generated by MyBatis Generator, do not modify.
      This element was generated on Mon Oct 28 15:27:01 JST 2019.
    -->
    <id column="category_id" jdbcType="INTEGER" property="category_id" />
    <result column="category_name" jdbcType="VARCHAR" property="category_name" />
    <result column="category_author" jdbcType="VARCHAR" property="category_author" />
    <result column="create_time" jdbcType="TIMESTAMP" property="create_time" />
    <result column="update_time" jdbcType="TIMESTAMP" property="update_time" />
  </resultMap>
  <sql id="Example_Where_Clause">
    <!--
      WARNING - @mbg.generated
      This element is automatically generated by MyBatis Generator, do not modify.
      This element was generated on Mon Oct 28 15:27:01 JST 2019.
    -->
    <where>
      <foreach collection="oredCriteria" item="criteria" separator="or">
        <if test="criteria.valid">
          <trim prefix="(" prefixOverrides="and" suffix=")">
            <foreach collection="criteria.criteria" item="criterion">
              <choose>
                <when test="criterion.noValue">
                  and ${criterion.condition}
                </when>
                <when test="criterion.singleValue">
                  and ${criterion.condition} #{criterion.value}
                </when>
                <when test="criterion.betweenValue">
                  and ${criterion.condition} #{criterion.value} and #{criterion.secondValue}
                </when>
                <when test="criterion.listValue">
                  and ${criterion.condition}
                  <foreach close=")" collection="criterion.value" item="listItem" open="(" separator=",">
                    #{listItem}
                  </foreach>
                </when>
              </choose>
            </foreach>
          </trim>
        </if>
      </foreach>
    </where>
  </sql>
  <sql id="Update_By_Example_Where_Clause">
    <!--
      WARNING - @mbg.generated
      This element is automatically generated by MyBatis Generator, do not modify.
      This element was generated on Mon Oct 28 15:27:01 JST 2019.
    -->
    <where>
      <foreach collection="example.oredCriteria" item="criteria" separator="or">
        <if test="criteria.valid">
          <trim prefix="(" prefixOverrides="and" suffix=")">
            <foreach collection="criteria.criteria" item="criterion">
              <choose>
                <when test="criterion.noValue">
                  and ${criterion.condition}
                </when>
                <when test="criterion.singleValue">
                  and ${criterion.condition} #{criterion.value}
                </when>
                <when test="criterion.betweenValue">
                  and ${criterion.condition} #{criterion.value} and #{criterion.secondValue}
                </when>
                <when test="criterion.listValue">
                  and ${criterion.condition}
                  <foreach close=")" collection="criterion.value" item="listItem" open="(" separator=",">
                    #{listItem}
                  </foreach>
                </when>
              </choose>
            </foreach>
          </trim>
        </if>
      </foreach>
    </where>
  </sql>
  <sql id="Base_Column_List">
    <!--
      WARNING - @mbg.generated
      This element is automatically generated by MyBatis Generator, do not modify.
      This element was generated on Mon Oct 28 15:27:01 JST 2019.
    -->
    "category_id", "category_name", "category_author", "create_time", "update_time"
  </sql>
  <select id="selectByExample" parameterType="jp.co.nec.manegedDoc.dao.entity.CategoryInfoExample" resultMap="BaseResultMap">
    <!--
      WARNING - @mbg.generated
      This element is automatically generated by MyBatis Generator, do not modify.
      This element was generated on Mon Oct 28 15:27:01 JST 2019.
    -->
    select
    <if test="distinct">
      distinct
    </if>
    <include refid="Base_Column_List" />
    from "admin"."category_info"
    <if test="_parameter != null">
      <include refid="Example_Where_Clause" />
    </if>
    <if test="orderByClause != null">
      order by ${orderByClause}
    </if>
  </select>
  <select id="selectByPrimaryKey" parameterType="java.lang.Integer" resultMap="BaseResultMap">
    <!--
      WARNING - @mbg.generated
      This element is automatically generated by MyBatis Generator, do not modify.
      This element was generated on Mon Oct 28 15:27:01 JST 2019.
    -->
    select 
    <include refid="Base_Column_List" />
    from "admin"."category_info"
    where "category_id" = #{category_id,jdbcType=INTEGER}
  </select>
  <delete id="deleteByPrimaryKey" parameterType="java.lang.Integer">
    <!--
      WARNING - @mbg.generated
      This element is automatically generated by MyBatis Generator, do not modify.
      This element was generated on Mon Oct 28 15:27:01 JST 2019.
    -->
    delete from "admin"."category_info"
    where "category_id" = #{category_id,jdbcType=INTEGER}
  </delete>
  <delete id="deleteByExample" parameterType="jp.co.nec.manegedDoc.dao.entity.CategoryInfoExample">
    <!--
      WARNING - @mbg.generated
      This element is automatically generated by MyBatis Generator, do not modify.
      This element was generated on Mon Oct 28 15:27:01 JST 2019.
    -->
    delete from "admin"."category_info"
    <if test="_parameter != null">
      <include refid="Example_Where_Clause" />
    </if>
  </delete>
  <insert id="insert" parameterType="jp.co.nec.manegedDoc.dao.entity.CategoryInfo">
    <!--
      WARNING - @mbg.generated
      This element is automatically generated by MyBatis Generator, do not modify.
      This element was generated on Mon Oct 28 15:27:01 JST 2019.
    -->
    insert into "admin"."category_info" ("category_id", "category_name", "category_author", 
      "create_time", "update_time")
    values (#{category_id,jdbcType=INTEGER}, #{category_name,jdbcType=VARCHAR}, #{category_author,jdbcType=VARCHAR}, 
      #{create_time,jdbcType=TIMESTAMP}, #{update_time,jdbcType=TIMESTAMP})
  </insert>
  <insert id="insertSelective" parameterType="jp.co.nec.manegedDoc.dao.entity.CategoryInfo">
    <!--
      WARNING - @mbg.generated
      This element is automatically generated by MyBatis Generator, do not modify.
      This element was generated on Mon Oct 28 15:27:01 JST 2019.
    -->
    insert into "admin"."category_info"
    <trim prefix="(" suffix=")" suffixOverrides=",">
      <if test="category_id != null">
        "category_id",
      </if>
      <if test="category_name != null">
        "category_name",
      </if>
      <if test="category_author != null">
        "category_author",
      </if>
      <if test="create_time != null">
        "create_time",
      </if>
      <if test="update_time != null">
        "update_time",
      </if>
    </trim>
    <trim prefix="values (" suffix=")" suffixOverrides=",">
      <if test="category_id != null">
        #{category_id,jdbcType=INTEGER},
      </if>
      <if test="category_name != null">
        #{category_name,jdbcType=VARCHAR},
      </if>
      <if test="category_author != null">
        #{category_author,jdbcType=VARCHAR},
      </if>
      <if test="create_time != null">
        #{create_time,jdbcType=TIMESTAMP},
      </if>
      <if test="update_time != null">
        #{update_time,jdbcType=TIMESTAMP},
      </if>
    </trim>
  </insert>
  <select id="countByExample" parameterType="jp.co.nec.manegedDoc.dao.entity.CategoryInfoExample" resultType="java.lang.Long">
    <!--
      WARNING - @mbg.generated
      This element is automatically generated by MyBatis Generator, do not modify.
      This element was generated on Mon Oct 28 15:27:01 JST 2019.
    -->
    select count(*) from "admin"."category_info"
    <if test="_parameter != null">
      <include refid="Example_Where_Clause" />
    </if>
  </select>
  <update id="updateByExampleSelective" parameterType="map">
    <!--
      WARNING - @mbg.generated
      This element is automatically generated by MyBatis Generator, do not modify.
      This element was generated on Mon Oct 28 15:27:01 JST 2019.
    -->
    update "admin"."category_info"
    <set>
      <if test="record.category_id != null">
        "category_id" = #{record.category_id,jdbcType=INTEGER},
      </if>
      <if test="record.category_name != null">
        "category_name" = #{record.category_name,jdbcType=VARCHAR},
      </if>
      <if test="record.category_author != null">
        "category_author" = #{record.category_author,jdbcType=VARCHAR},
      </if>
      <if test="record.create_time != null">
        "create_time" = #{record.create_time,jdbcType=TIMESTAMP},
      </if>
      <if test="record.update_time != null">
        "update_time" = #{record.update_time,jdbcType=TIMESTAMP},
      </if>
    </set>
    <if test="_parameter != null">
      <include refid="Update_By_Example_Where_Clause" />
    </if>
  </update>
  <update id="updateByExample" parameterType="map">
    <!--
      WARNING - @mbg.generated
      This element is automatically generated by MyBatis Generator, do not modify.
      This element was generated on Mon Oct 28 15:27:01 JST 2019.
    -->
    update "admin"."category_info"
    set "category_id" = #{record.category_id,jdbcType=INTEGER},
      "category_name" = #{record.category_name,jdbcType=VARCHAR},
      "category_author" = #{record.category_author,jdbcType=VARCHAR},
      "create_time" = #{record.create_time,jdbcType=TIMESTAMP},
      "update_time" = #{record.update_time,jdbcType=TIMESTAMP}
    <if test="_parameter != null">
      <include refid="Update_By_Example_Where_Clause" />
    </if>
  </update>
  <update id="updateByPrimaryKeySelective" parameterType="jp.co.nec.manegedDoc.dao.entity.CategoryInfo">
    <!--
      WARNING - @mbg.generated
      This element is automatically generated by MyBatis Generator, do not modify.
      This element was generated on Mon Oct 28 15:27:01 JST 2019.
    -->
    update "admin"."category_info"
    <set>
      <if test="category_name != null">
        "category_name" = #{category_name,jdbcType=VARCHAR},
      </if>
      <if test="category_author != null">
        "category_author" = #{category_author,jdbcType=VARCHAR},
      </if>
      <if test="create_time != null">
        "create_time" = #{create_time,jdbcType=TIMESTAMP},
      </if>
      <if test="update_time != null">
        "update_time" = #{update_time,jdbcType=TIMESTAMP},
      </if>
    </set>
    where "category_id" = #{category_id,jdbcType=INTEGER}
  </update>
  <update id="updateByPrimaryKey" parameterType="jp.co.nec.manegedDoc.dao.entity.CategoryInfo">
    <!--
      WARNING - @mbg.generated
      This element is automatically generated by MyBatis Generator, do not modify.
      This element was generated on Mon Oct 28 15:27:01 JST 2019.
    -->
    update "admin"."category_info"
    set "category_name" = #{category_name,jdbcType=VARCHAR},
      "category_author" = #{category_author,jdbcType=VARCHAR},
      "create_time" = #{create_time,jdbcType=TIMESTAMP},
      "update_time" = #{update_time,jdbcType=TIMESTAMP}
    where "category_id" = #{category_id,jdbcType=INTEGER}
  </update>

  <select id="findAll" resultMap="BaseResultMap">
    select * from admin.category_info order by category_id  
  </select>

</mapper>