<?xml version="1.0" encoding="UTF-8"?>
<!DOCTYPE mapper PUBLIC
    "-//mybatis.org//DTD Mapper 3.0//EN"
    "http://mybatis.org/dtd/mybatis-3-mapper.dtd">

<mapper namespace="jp.co.nec.manegedDoc.dao.mapper.SearchServerInfoMapper">
    <insert id="insert">
        insert into admin.search_server_info (
        server_name
        ,display_name
        ,login_user_name
        ,login_password
        ,directory_path
        ,display_order
        ,create_time
        ,update_time)
        values (
        #{serverName}
        ,#{displayName}
        ,#{loginUserName}
        ,#{loginPassword}
        ,#{directoryPath}
        ,#{displayOrder}
        ,#{createTime}
        ,#{updateTime}
        )
    </insert>
    <insert id="insertAll" parameterType="java.util.List">
        insert into admin.search_server_info (
        server_name
        ,display_name
        ,login_user_name
        ,login_password
        ,directory_path
        ,display_order
        ,create_time
        ,update_time) values
        <foreach collection="searchServerInfoList" item="searchServerInfo" separator=",">
            (
            #{searchServerInfo.serverName}
            ,#{searchServerInfo.displayName}
            ,#{searchServerInfo.loginUserName}
            ,#{searchServerInfo.loginPassword}
            ,#{searchServerInfo.directoryPath}
            ,#{searchServerInfo.displayOrder}
            ,#{searchServerInfo.createTime}
            ,#{searchServerInfo.updateTime}
            )
        </foreach>
    </insert>
    <update id="update">
        update admin.search_server_info set
        server_name = coalesce(#{serverName}, server_name)
        ,display_name = coalesce(#{displayName}, display_name)
        ,login_user_name = coalesce(#{loginUserName}, login_user_name)
        ,login_password = coalesce(#{loginPassword}, login_password)
        ,directory_path = coalesce(#{directoryPath}, directory_path)
        ,display_order = coalesce(#{displayOrder}, display_order)
        ,update_time = coalesce(#{updateTime}, update_time)
        where server_id = #{serverId}
    </update>
    <update id="updateDisplayOrder">
        update admin.search_server_info
        set display_order = #{displayOrder}
        where server_id = #{serverId}
    </update>
    <delete id="deleteById">
        delete from admin.search_server_info
        where server_id =
        #{serverId}
    </delete>

</mapper>