<?xml version="1.0" encoding="UTF-8"?>
<!DOCTYPE mapper PUBLIC "-//mybatis.org//DTD Mapper 3.0//EN" "http://mybatis.org/dtd/mybatis-3-mapper.dtd">
<mapper namespace="jp.co.nec.manegedDoc.dao.mapper.TmpTeacherCategoryListMapper">
  <resultMap id="BaseResultMap" type="jp.co.nec.manegedDoc.dao.entity.TmpTeacherCategoryList">
    <!--
      WARNING - @mbg.generated
      This element is automatically generated by MyBatis Generator, do not modify.
      This element was generated on Mon Oct 28 15:27:01 JST 2019.
    -->
    <id column="user_id" jdbcType="VARCHAR" property="user_id" />
    <id column="sort_id" jdbcType="INTEGER" property="sort_id" />
    <result column="category_id" jdbcType="INTEGER" property="category_id" />
    <result column="file_path" jdbcType="VARCHAR" property="file_path" />
    <result column="create_time" jdbcType="TIMESTAMP" property="create_time" />
    <result column="update_time" jdbcType="TIMESTAMP" property="update_time" />
  </resultMap>
  <sql id="Example_Where_Clause">
    <!--
      WARNING - @mbg.generated
      This element is automatically generated by MyBatis Generator, do not modify.
      This element was generated on Mon Oct 28 15:27:01 JST 2019.
    -->
    <where>
      <foreach collection="oredCriteria" item="criteria" separator="or">
        <if test="criteria.valid">
          <trim prefix="(" prefixOverrides="and" suffix=")">
            <foreach collection="criteria.criteria" item="criterion">
              <choose>
                <when test="criterion.noValue">
                  and ${criterion.condition}
                </when>
                <when test="criterion.singleValue">
                  and ${criterion.condition} #{criterion.value}
                </when>
                <when test="criterion.betweenValue">
                  and ${criterion.condition} #{criterion.value} and #{criterion.secondValue}
                </when>
                <when test="criterion.listValue">
                  and ${criterion.condition}
                  <foreach close=")" collection="criterion.value" item="listItem" open="(" separator=",">
                    #{listItem}
                  </foreach>
                </when>
              </choose>
            </foreach>
          </trim>
        </if>
      </foreach>
    </where>
  </sql>
  <sql id="Update_By_Example_Where_Clause">
    <!--
      WARNING - @mbg.generated
      This element is automatically generated by MyBatis Generator, do not modify.
      This element was generated on Mon Oct 28 15:27:01 JST 2019.
    -->
    <where>
      <foreach collection="example.oredCriteria" item="criteria" separator="or">
        <if test="criteria.valid">
          <trim prefix="(" prefixOverrides="and" suffix=")">
            <foreach collection="criteria.criteria" item="criterion">
              <choose>
                <when test="criterion.noValue">
                  and ${criterion.condition}
                </when>
                <when test="criterion.singleValue">
                  and ${criterion.condition} #{criterion.value}
                </when>
                <when test="criterion.betweenValue">
                  and ${criterion.condition} #{criterion.value} and #{criterion.secondValue}
                </when>
                <when test="criterion.listValue">
                  and ${criterion.condition}
                  <foreach close=")" collection="criterion.value" item="listItem" open="(" separator=",">
                    #{listItem}
                  </foreach>
                </when>
              </choose>
            </foreach>
          </trim>
        </if>
      </foreach>
    </where>
  </sql>
  <sql id="Base_Column_List">
    <!--
      WARNING - @mbg.generated
      This element is automatically generated by MyBatis Generator, do not modify.
      This element was generated on Mon Oct 28 15:27:01 JST 2019.
    -->
    "user_id", "sort_id", "category_id", "file_path", "create_time", "update_time"
  </sql>
  <select id="selectByExample" parameterType="jp.co.nec.manegedDoc.dao.entity.TmpTeacherCategoryListExample" resultMap="BaseResultMap">
    <!--
      WARNING - @mbg.generated
      This element is automatically generated by MyBatis Generator, do not modify.
      This element was generated on Mon Oct 28 15:27:01 JST 2019.
    -->
    select
    <if test="distinct">
      distinct
    </if>
    <include refid="Base_Column_List" />
    from "admin"."tmp_teacher_category_list"
    <if test="_parameter != null">
      <include refid="Example_Where_Clause" />
    </if>
    <if test="orderByClause != null">
      order by ${orderByClause}
    </if>
  </select>
  <select id="selectByPrimaryKey" parameterType="jp.co.nec.manegedDoc.dao.entity.TmpTeacherCategoryListKey" resultMap="BaseResultMap">
    <!--
      WARNING - @mbg.generated
      This element is automatically generated by MyBatis Generator, do not modify.
      This element was generated on Mon Oct 28 15:27:01 JST 2019.
    -->
    select 
    <include refid="Base_Column_List" />
    from "admin"."tmp_teacher_category_list"
    where "user_id" = #{user_id,jdbcType=VARCHAR}
      and "sort_id" = #{sort_id,jdbcType=INTEGER}
  </select>
  <delete id="deleteByPrimaryKey" parameterType="jp.co.nec.manegedDoc.dao.entity.TmpTeacherCategoryListKey">
    <!--
      WARNING - @mbg.generated
      This element is automatically generated by MyBatis Generator, do not modify.
      This element was generated on Mon Oct 28 15:27:01 JST 2019.
    -->
    delete from "admin"."tmp_teacher_category_list"
    where "user_id" = #{user_id,jdbcType=VARCHAR}
      and "sort_id" = #{sort_id,jdbcType=INTEGER}
  </delete>
  <delete id="deleteByExample" parameterType="jp.co.nec.manegedDoc.dao.entity.TmpTeacherCategoryListExample">
    <!--
      WARNING - @mbg.generated
      This element is automatically generated by MyBatis Generator, do not modify.
      This element was generated on Mon Oct 28 15:27:01 JST 2019.
    -->
    delete from "admin"."tmp_teacher_category_list"
    <if test="_parameter != null">
      <include refid="Example_Where_Clause" />
    </if>
  </delete>
  <insert id="insert" parameterType="jp.co.nec.manegedDoc.dao.entity.TmpTeacherCategoryList">
    <!--
      WARNING - @mbg.generated
      This element is automatically generated by MyBatis Generator, do not modify.
      This element was generated on Mon Oct 28 15:27:01 JST 2019.
    -->
    insert into "admin"."tmp_teacher_category_list" ("user_id", "sort_id", "category_id", 
      "file_path", "create_time", "update_time"
      )
    values (#{user_id,jdbcType=VARCHAR}, #{sort_id,jdbcType=INTEGER}, #{category_id,jdbcType=INTEGER}, 
      #{file_path,jdbcType=VARCHAR}, #{create_time,jdbcType=TIMESTAMP}, #{update_time,jdbcType=TIMESTAMP}
      )
  </insert>
  <insert id="insertSelective" parameterType="jp.co.nec.manegedDoc.dao.entity.TmpTeacherCategoryList">
    <!--
      WARNING - @mbg.generated
      This element is automatically generated by MyBatis Generator, do not modify.
      This element was generated on Mon Oct 28 15:27:01 JST 2019.
    -->
    insert into "admin"."tmp_teacher_category_list"
    <trim prefix="(" suffix=")" suffixOverrides=",">
      <if test="user_id != null">
        "user_id",
      </if>
      <if test="sort_id != null">
        "sort_id",
      </if>
      <if test="category_id != null">
        "category_id",
      </if>
      <if test="file_path != null">
        "file_path",
      </if>
      <if test="create_time != null">
        "create_time",
      </if>
      <if test="update_time != null">
        "update_time",
      </if>
    </trim>
    <trim prefix="values (" suffix=")" suffixOverrides=",">
      <if test="user_id != null">
        #{user_id,jdbcType=VARCHAR},
      </if>
      <if test="sort_id != null">
        #{sort_id,jdbcType=INTEGER},
      </if>
      <if test="category_id != null">
        #{category_id,jdbcType=INTEGER},
      </if>
      <if test="file_path != null">
        #{file_path,jdbcType=VARCHAR},
      </if>
      <if test="create_time != null">
        #{create_time,jdbcType=TIMESTAMP},
      </if>
      <if test="update_time != null">
        #{update_time,jdbcType=TIMESTAMP},
      </if>
    </trim>
  </insert>
  <select id="countByExample" parameterType="jp.co.nec.manegedDoc.dao.entity.TmpTeacherCategoryListExample" resultType="java.lang.Long">
    <!--
      WARNING - @mbg.generated
      This element is automatically generated by MyBatis Generator, do not modify.
      This element was generated on Mon Oct 28 15:27:01 JST 2019.
    -->
    select count(*) from "admin"."tmp_teacher_category_list"
    <if test="_parameter != null">
      <include refid="Example_Where_Clause" />
    </if>
  </select>
  <update id="updateByExampleSelective" parameterType="map">
    <!--
      WARNING - @mbg.generated
      This element is automatically generated by MyBatis Generator, do not modify.
      This element was generated on Mon Oct 28 15:27:01 JST 2019.
    -->
    update "admin"."tmp_teacher_category_list"
    <set>
      <if test="record.user_id != null">
        "user_id" = #{record.user_id,jdbcType=VARCHAR},
      </if>
      <if test="record.sort_id != null">
        "sort_id" = #{record.sort_id,jdbcType=INTEGER},
      </if>
      <if test="record.category_id != null">
        "category_id" = #{record.category_id,jdbcType=INTEGER},
      </if>
      <if test="record.file_path != null">
        "file_path" = #{record.file_path,jdbcType=VARCHAR},
      </if>
      <if test="record.create_time != null">
        "create_time" = #{record.create_time,jdbcType=TIMESTAMP},
      </if>
      <if test="record.update_time != null">
        "update_time" = #{record.update_time,jdbcType=TIMESTAMP},
      </if>
    </set>
    <if test="_parameter != null">
      <include refid="Update_By_Example_Where_Clause" />
    </if>
  </update>
  <update id="updateByExample" parameterType="map">
    <!--
      WARNING - @mbg.generated
      This element is automatically generated by MyBatis Generator, do not modify.
      This element was generated on Mon Oct 28 15:27:01 JST 2019.
    -->
    update "admin"."tmp_teacher_category_list"
    set "user_id" = #{record.user_id,jdbcType=VARCHAR},
      "sort_id" = #{record.sort_id,jdbcType=INTEGER},
      "category_id" = #{record.category_id,jdbcType=INTEGER},
      "file_path" = #{record.file_path,jdbcType=VARCHAR},
      "create_time" = #{record.create_time,jdbcType=TIMESTAMP},
      "update_time" = #{record.update_time,jdbcType=TIMESTAMP}
    <if test="_parameter != null">
      <include refid="Update_By_Example_Where_Clause" />
    </if>
  </update>
  <update id="updateByPrimaryKeySelective" parameterType="jp.co.nec.manegedDoc.dao.entity.TmpTeacherCategoryList">
    <!--
      WARNING - @mbg.generated
      This element is automatically generated by MyBatis Generator, do not modify.
      This element was generated on Mon Oct 28 15:27:01 JST 2019.
    -->
    update "admin"."tmp_teacher_category_list"
    <set>
      <if test="category_id != null">
        "category_id" = #{category_id,jdbcType=INTEGER},
      </if>
      <if test="file_path != null">
        "file_path" = #{file_path,jdbcType=VARCHAR},
      </if>
      <if test="create_time != null">
        "create_time" = #{create_time,jdbcType=TIMESTAMP},
      </if>
      <if test="update_time != null">
        "update_time" = #{update_time,jdbcType=TIMESTAMP},
      </if>
    </set>
    where "user_id" = #{user_id,jdbcType=VARCHAR}
      and "sort_id" = #{sort_id,jdbcType=INTEGER}
  </update>
  <update id="updateByPrimaryKey" parameterType="jp.co.nec.manegedDoc.dao.entity.TmpTeacherCategoryList">
    <!--
      WARNING - @mbg.generated
      This element is automatically generated by MyBatis Generator, do not modify.
      This element was generated on Mon Oct 28 15:27:01 JST 2019.
    -->
    update "admin"."tmp_teacher_category_list"
    set "category_id" = #{category_id,jdbcType=INTEGER},
      "file_path" = #{file_path,jdbcType=VARCHAR},
      "create_time" = #{create_time,jdbcType=TIMESTAMP},
      "update_time" = #{update_time,jdbcType=TIMESTAMP}
    where "user_id" = #{user_id,jdbcType=VARCHAR}
      and "sort_id" = #{sort_id,jdbcType=INTEGER}
  </update>

  <select id="findAll" resultMap="BaseResultMap">
    select * from admin.tmp_teacher_category_list order by sort_id  
  </select>

</mapper>