<?xml version="1.0" encoding="UTF-8"?>
<!DOCTYPE mapper PUBLIC "-//mybatis.org//DTD Mapper 3.0//EN" "http://mybatis.org/dtd/mybatis-3-mapper.dtd">
<mapper namespace="jp.co.nec.manegedDoc.dao.mapper.UserInfoMapper">
  <resultMap id="BaseResultMap" type="jp.co.nec.manegedDoc.dao.entity.UserInfo">
    <!--
      WARNING - @mbg.generated
      This element is automatically generated by MyBatis Generator, do not modify.
      This element was generated on Mon Oct 28 15:27:01 JST 2019.
    -->
    <id column="user_id" jdbcType="VARCHAR" property="user_id" />
    <result column="password" jdbcType="VARCHAR" property="password" />
    <result column="user_name" jdbcType="VARCHAR" property="user_name" />
    <result column="authority" jdbcType="INTEGER" property="authority" />
    <result column="valid_flag" jdbcType="INTEGER" property="valid_flag" />
    <result column="create_time" jdbcType="TIMESTAMP" property="create_time" />
    <result column="update_time" jdbcType="TIMESTAMP" property="update_time" />
  </resultMap>
  <sql id="Example_Where_Clause">
    <!--
      WARNING - @mbg.generated
      This element is automatically generated by MyBatis Generator, do not modify.
      This element was generated on Mon Oct 28 15:27:01 JST 2019.
    -->
    <where>
      <foreach collection="oredCriteria" item="criteria" separator="or">
        <if test="criteria.valid">
          <trim prefix="(" prefixOverrides="and" suffix=")">
            <foreach collection="criteria.criteria" item="criterion">
              <choose>
                <when test="criterion.noValue">
                  and ${criterion.condition}
                </when>
                <when test="criterion.singleValue">
                  and ${criterion.condition} #{criterion.value}
                </when>
                <when test="criterion.betweenValue">
                  and ${criterion.condition} #{criterion.value} and #{criterion.secondValue}
                </when>
                <when test="criterion.listValue">
                  and ${criterion.condition}
                  <foreach close=")" collection="criterion.value" item="listItem" open="(" separator=",">
                    #{listItem}
                  </foreach>
                </when>
              </choose>
            </foreach>
          </trim>
        </if>
      </foreach>
    </where>
  </sql>
  <sql id="Update_By_Example_Where_Clause">
    <!--
      WARNING - @mbg.generated
      This element is automatically generated by MyBatis Generator, do not modify.
      This element was generated on Mon Oct 28 15:27:01 JST 2019.
    -->
    <where>
      <foreach collection="example.oredCriteria" item="criteria" separator="or">
        <if test="criteria.valid">
          <trim prefix="(" prefixOverrides="and" suffix=")">
            <foreach collection="criteria.criteria" item="criterion">
              <choose>
                <when test="criterion.noValue">
                  and ${criterion.condition}
                </when>
                <when test="criterion.singleValue">
                  and ${criterion.condition} #{criterion.value}
                </when>
                <when test="criterion.betweenValue">
                  and ${criterion.condition} #{criterion.value} and #{criterion.secondValue}
                </when>
                <when test="criterion.listValue">
                  and ${criterion.condition}
                  <foreach close=")" collection="criterion.value" item="listItem" open="(" separator=",">
                    #{listItem}
                  </foreach>
                </when>
              </choose>
            </foreach>
          </trim>
        </if>
      </foreach>
    </where>
  </sql>
  <sql id="Base_Column_List">
    <!--
      WARNING - @mbg.generated
      This element is automatically generated by MyBatis Generator, do not modify.
      This element was generated on Mon Oct 28 15:27:01 JST 2019.
    -->
    "user_id", "password", "user_name", "authority", "valid_flag", "create_time", "update_time"
  </sql>
  <select id="selectByExample" parameterType="jp.co.nec.manegedDoc.dao.entity.UserInfoExample" resultMap="BaseResultMap">
    <!--
      WARNING - @mbg.generated
      This element is automatically generated by MyBatis Generator, do not modify.
      This element was generated on Mon Oct 28 15:27:01 JST 2019.
    -->
    select
    <if test="distinct">
      distinct
    </if>
    <include refid="Base_Column_List" />
    from "admin"."user_info"
    <if test="_parameter != null">
      <include refid="Example_Where_Clause" />
    </if>
    <if test="orderByClause != null">
      order by ${orderByClause}
    </if>
  </select>
  <select id="selectByPrimaryKey" parameterType="java.lang.String" resultMap="BaseResultMap">
    <!--
      WARNING - @mbg.generated
      This element is automatically generated by MyBatis Generator, do not modify.
      This element was generated on Mon Oct 28 15:27:01 JST 2019.
    -->
    select 
    <include refid="Base_Column_List" />
    from "admin"."user_info"
    where "user_id" = #{user_id,jdbcType=VARCHAR}
  </select>
  <delete id="deleteByPrimaryKey" parameterType="java.lang.String">
    <!--
      WARNING - @mbg.generated
      This element is automatically generated by MyBatis Generator, do not modify.
      This element was generated on Mon Oct 28 15:27:01 JST 2019.
    -->
    delete from "admin"."user_info"
    where "user_id" = #{user_id,jdbcType=VARCHAR}
  </delete>
  <delete id="deleteByExample" parameterType="jp.co.nec.manegedDoc.dao.entity.UserInfoExample">
    <!--
      WARNING - @mbg.generated
      This element is automatically generated by MyBatis Generator, do not modify.
      This element was generated on Mon Oct 28 15:27:01 JST 2019.
    -->
    delete from "admin"."user_info"
    <if test="_parameter != null">
      <include refid="Example_Where_Clause" />
    </if>
  </delete>
  <insert id="insert" parameterType="jp.co.nec.manegedDoc.dao.entity.UserInfo">
    <!--
      WARNING - @mbg.generated
      This element is automatically generated by MyBatis Generator, do not modify.
      This element was generated on Mon Oct 28 15:27:01 JST 2019.
    -->
    insert into "admin"."user_info" ("user_id", "password", "user_name", 
      "authority", "valid_flag", "create_time", 
      "update_time")
    values (#{user_id,jdbcType=VARCHAR}, #{password,jdbcType=VARCHAR}, #{user_name,jdbcType=VARCHAR}, 
      #{authority,jdbcType=INTEGER}, #{valid_flag,jdbcType=INTEGER}, #{create_time,jdbcType=TIMESTAMP}, 
      #{update_time,jdbcType=TIMESTAMP})
  </insert>
  <insert id="insertSelective" parameterType="jp.co.nec.manegedDoc.dao.entity.UserInfo">
    <!--
      WARNING - @mbg.generated
      This element is automatically generated by MyBatis Generator, do not modify.
      This element was generated on Mon Oct 28 15:27:01 JST 2019.
    -->
    insert into "admin"."user_info"
    <trim prefix="(" suffix=")" suffixOverrides=",">
      <if test="user_id != null">
        "user_id",
      </if>
      <if test="password != null">
        "password",
      </if>
      <if test="user_name != null">
        "user_name",
      </if>
      <if test="authority != null">
        "authority",
      </if>
      <if test="valid_flag != null">
        "valid_flag",
      </if>
      <if test="create_time != null">
        "create_time",
      </if>
      <if test="update_time != null">
        "update_time",
      </if>
    </trim>
    <trim prefix="values (" suffix=")" suffixOverrides=",">
      <if test="user_id != null">
        #{user_id,jdbcType=VARCHAR},
      </if>
      <if test="password != null">
        #{password,jdbcType=VARCHAR},
      </if>
      <if test="user_name != null">
        #{user_name,jdbcType=VARCHAR},
      </if>
      <if test="authority != null">
        #{authority,jdbcType=INTEGER},
      </if>
      <if test="valid_flag != null">
        #{valid_flag,jdbcType=INTEGER},
      </if>
      <if test="create_time != null">
        #{create_time,jdbcType=TIMESTAMP},
      </if>
      <if test="update_time != null">
        #{update_time,jdbcType=TIMESTAMP},
      </if>
    </trim>
  </insert>
  <select id="countByExample" parameterType="jp.co.nec.manegedDoc.dao.entity.UserInfoExample" resultType="java.lang.Long">
    <!--
      WARNING - @mbg.generated
      This element is automatically generated by MyBatis Generator, do not modify.
      This element was generated on Mon Oct 28 15:27:01 JST 2019.
    -->
    select count(*) from "admin"."user_info"
    <if test="_parameter != null">
      <include refid="Example_Where_Clause" />
    </if>
  </select>
  <update id="updateByExampleSelective" parameterType="map">
    <!--
      WARNING - @mbg.generated
      This element is automatically generated by MyBatis Generator, do not modify.
      This element was generated on Mon Oct 28 15:27:01 JST 2019.
    -->
    update "admin"."user_info"
    <set>
      <if test="record.user_id != null">
        "user_id" = #{record.user_id,jdbcType=VARCHAR},
      </if>
      <if test="record.password != null">
        "password" = #{record.password,jdbcType=VARCHAR},
      </if>
      <if test="record.user_name != null">
        "user_name" = #{record.user_name,jdbcType=VARCHAR},
      </if>
      <if test="record.authority != null">
        "authority" = #{record.authority,jdbcType=INTEGER},
      </if>
      <if test="record.valid_flag != null">
        "valid_flag" = #{record.valid_flag,jdbcType=INTEGER},
      </if>
      <if test="record.create_time != null">
        "create_time" = #{record.create_time,jdbcType=TIMESTAMP},
      </if>
      <if test="record.update_time != null">
        "update_time" = #{record.update_time,jdbcType=TIMESTAMP},
      </if>
    </set>
    <if test="_parameter != null">
      <include refid="Update_By_Example_Where_Clause" />
    </if>
  </update>
  <update id="updateByExample" parameterType="map">
    <!--
      WARNING - @mbg.generated
      This element is automatically generated by MyBatis Generator, do not modify.
      This element was generated on Mon Oct 28 15:27:01 JST 2019.
    -->
    update "admin"."user_info"
    set "user_id" = #{record.user_id,jdbcType=VARCHAR},
      "password" = #{record.password,jdbcType=VARCHAR},
      "user_name" = #{record.user_name,jdbcType=VARCHAR},
      "authority" = #{record.authority,jdbcType=INTEGER},
      "valid_flag" = #{record.valid_flag,jdbcType=INTEGER},
      "create_time" = #{record.create_time,jdbcType=TIMESTAMP},
      "update_time" = #{record.update_time,jdbcType=TIMESTAMP}
    <if test="_parameter != null">
      <include refid="Update_By_Example_Where_Clause" />
    </if>
  </update>
  <update id="updateByPrimaryKeySelective" parameterType="jp.co.nec.manegedDoc.dao.entity.UserInfo">
    <!--
      WARNING - @mbg.generated
      This element is automatically generated by MyBatis Generator, do not modify.
      This element was generated on Mon Oct 28 15:27:01 JST 2019.
    -->
    update "admin"."user_info"
    <set>
      <if test="password != null">
        "password" = #{password,jdbcType=VARCHAR},
      </if>
      <if test="user_name != null">
        "user_name" = #{user_name,jdbcType=VARCHAR},
      </if>
      <if test="authority != null">
        "authority" = #{authority,jdbcType=INTEGER},
      </if>
      <if test="valid_flag != null">
        "valid_flag" = #{valid_flag,jdbcType=INTEGER},
      </if>
      <if test="create_time != null">
        "create_time" = #{create_time,jdbcType=TIMESTAMP},
      </if>
      <if test="update_time != null">
        "update_time" = #{update_time,jdbcType=TIMESTAMP},
      </if>
    </set>
    where "user_id" = #{user_id,jdbcType=VARCHAR}
  </update>
  <update id="updateByPrimaryKey" parameterType="jp.co.nec.manegedDoc.dao.entity.UserInfo">
    <!--
      WARNING - @mbg.generated
      This element is automatically generated by MyBatis Generator, do not modify.
      This element was generated on Mon Oct 28 15:27:01 JST 2019.
    -->
    update "admin"."user_info"
    set "password" = #{password,jdbcType=VARCHAR},
      "user_name" = #{user_name,jdbcType=VARCHAR},
      "authority" = #{authority,jdbcType=INTEGER},
      "valid_flag" = #{valid_flag,jdbcType=INTEGER},
      "create_time" = #{create_time,jdbcType=TIMESTAMP},
      "update_time" = #{update_time,jdbcType=TIMESTAMP}
    where "user_id" = #{user_id,jdbcType=VARCHAR}
  </update>
</mapper>