<?xml version="1.0" encoding="UTF-8"?>
<!DOCTYPE mapper PUBLIC "-//mybatis.org//DTD Mapper 3.0//EN" "http://mybatis.org/dtd/mybatis-3-mapper.dtd">
<mapper namespace="jp.co.nec.docmng.dao.mapper.admin.TmpTeacherCategoryListMapper">
  <resultMap id="BaseResultMap" type="jp.co.nec.docmng.dao.entity.admin.TmpTeacherCategoryList">
    <!--
      WARNING - @mbg.generated
      This element is automatically generated by MyBatis Generator, do not modify.
      This element was generated on Wed Oct 30 19:29:06 JST 2019.
    -->
    <id column="user_id" jdbcType="VARCHAR" property="userId" />
    <id column="sort_id" jdbcType="INTEGER" property="sortId" />
    <result column="category_id" jdbcType="INTEGER" property="categoryId" />
    <result column="file_path" jdbcType="VARCHAR" property="filePath" />
    <result column="create_time" jdbcType="TIMESTAMP" property="createTime" />
    <result column="update_time" jdbcType="TIMESTAMP" property="updateTime" />
  </resultMap>
  <sql id="Example_Where_Clause">
    <!--
      WARNING - @mbg.generated
      This element is automatically generated by MyBatis Generator, do not modify.
      This element was generated on Wed Oct 30 19:29:06 JST 2019.
    -->
    <where>
      <foreach collection="oredCriteria" item="criteria" separator="or">
        <if test="criteria.valid">
          <trim prefix="(" prefixOverrides="and" suffix=")">
            <foreach collection="criteria.criteria" item="criterion">
              <choose>
                <when test="criterion.noValue">
                  and ${criterion.condition}
                </when>
                <when test="criterion.singleValue">
                  and ${criterion.condition} #{criterion.value}
                </when>
                <when test="criterion.betweenValue">
                  and ${criterion.condition} #{criterion.value} and #{criterion.secondValue}
                </when>
                <when test="criterion.listValue">
                  and ${criterion.condition}
                  <foreach close=")" collection="criterion.value" item="listItem" open="(" separator=",">
                    #{listItem}
                  </foreach>
                </when>
              </choose>
            </foreach>
          </trim>
        </if>
      </foreach>
    </where>
  </sql>
  <sql id="Update_By_Example_Where_Clause">
    <!--
      WARNING - @mbg.generated
      This element is automatically generated by MyBatis Generator, do not modify.
      This element was generated on Wed Oct 30 19:29:06 JST 2019.
    -->
    <where>
      <foreach collection="example.oredCriteria" item="criteria" separator="or">
        <if test="criteria.valid">
          <trim prefix="(" prefixOverrides="and" suffix=")">
            <foreach collection="criteria.criteria" item="criterion">
              <choose>
                <when test="criterion.noValue">
                  and ${criterion.condition}
                </when>
                <when test="criterion.singleValue">
                  and ${criterion.condition} #{criterion.value}
                </when>
                <when test="criterion.betweenValue">
                  and ${criterion.condition} #{criterion.value} and #{criterion.secondValue}
                </when>
                <when test="criterion.listValue">
                  and ${criterion.condition}
                  <foreach close=")" collection="criterion.value" item="listItem" open="(" separator=",">
                    #{listItem}
                  </foreach>
                </when>
              </choose>
            </foreach>
          </trim>
        </if>
      </foreach>
    </where>
  </sql>
  <sql id="Base_Column_List">
    <!--
      WARNING - @mbg.generated
      This element is automatically generated by MyBatis Generator, do not modify.
      This element was generated on Wed Oct 30 19:29:06 JST 2019.
    -->
    user_id, sort_id, category_id, file_path, create_time, update_time
  </sql>
  <select id="selectByExample" parameterType="jp.co.nec.docmng.dao.entity.admin.TmpTeacherCategoryListExample" resultMap="BaseResultMap">
    <!--
      WARNING - @mbg.generated
      This element is automatically generated by MyBatis Generator, do not modify.
      This element was generated on Wed Oct 30 19:29:06 JST 2019.
    -->
    select
    <if test="distinct">
      distinct
    </if>
    <include refid="Base_Column_List" />
    from admin.tmp_teacher_category_list
    <if test="_parameter != null">
      <include refid="Example_Where_Clause" />
    </if>
    <if test="orderByClause != null">
      order by ${orderByClause}
    </if>
  </select>
  <select id="selectByPrimaryKey" parameterType="jp.co.nec.docmng.dao.entity.admin.TmpTeacherCategoryListKey" resultMap="BaseResultMap">
    <!--
      WARNING - @mbg.generated
      This element is automatically generated by MyBatis Generator, do not modify.
      This element was generated on Wed Oct 30 19:29:06 JST 2019.
    -->
    select 
    <include refid="Base_Column_List" />
    from admin.tmp_teacher_category_list
    where user_id = #{userId,jdbcType=VARCHAR}
      and sort_id = #{sortId,jdbcType=INTEGER}
  </select>
  <delete id="deleteByPrimaryKey" parameterType="jp.co.nec.docmng.dao.entity.admin.TmpTeacherCategoryListKey">
    <!--
      WARNING - @mbg.generated
      This element is automatically generated by MyBatis Generator, do not modify.
      This element was generated on Wed Oct 30 19:29:06 JST 2019.
    -->
    delete from admin.tmp_teacher_category_list
    where user_id = #{userId,jdbcType=VARCHAR}
      and sort_id = #{sortId,jdbcType=INTEGER}
  </delete>
  <delete id="deleteByExample" parameterType="jp.co.nec.docmng.dao.entity.admin.TmpTeacherCategoryListExample">
    <!--
      WARNING - @mbg.generated
      This element is automatically generated by MyBatis Generator, do not modify.
      This element was generated on Wed Oct 30 19:29:06 JST 2019.
    -->
    delete from admin.tmp_teacher_category_list
    <if test="_parameter != null">
      <include refid="Example_Where_Clause" />
    </if>
  </delete>
  <insert id="insert" parameterType="jp.co.nec.docmng.dao.entity.admin.TmpTeacherCategoryList">
    <!--
      WARNING - @mbg.generated
      This element is automatically generated by MyBatis Generator, do not modify.
      This element was generated on Wed Oct 30 19:29:06 JST 2019.
    -->
    insert into admin.tmp_teacher_category_list (user_id, sort_id, category_id, 
      file_path, create_time, update_time
      )
    values (#{userId,jdbcType=VARCHAR}, #{sortId,jdbcType=INTEGER}, #{categoryId,jdbcType=INTEGER}, 
      #{filePath,jdbcType=VARCHAR}, #{createTime,jdbcType=TIMESTAMP}, #{updateTime,jdbcType=TIMESTAMP}
      )
  </insert>
  <insert id="insertSelective" parameterType="jp.co.nec.docmng.dao.entity.admin.TmpTeacherCategoryList">
    <!--
      WARNING - @mbg.generated
      This element is automatically generated by MyBatis Generator, do not modify.
      This element was generated on Wed Oct 30 19:29:06 JST 2019.
    -->
    insert into admin.tmp_teacher_category_list
    <trim prefix="(" suffix=")" suffixOverrides=",">
      <if test="userId != null">
        user_id,
      </if>
      <if test="sortId != null">
        sort_id,
      </if>
      <if test="categoryId != null">
        category_id,
      </if>
      <if test="filePath != null">
        file_path,
      </if>
      <if test="createTime != null">
        create_time,
      </if>
      <if test="updateTime != null">
        update_time,
      </if>
    </trim>
    <trim prefix="values (" suffix=")" suffixOverrides=",">
      <if test="userId != null">
        #{userId,jdbcType=VARCHAR},
      </if>
      <if test="sortId != null">
        #{sortId,jdbcType=INTEGER},
      </if>
      <if test="categoryId != null">
        #{categoryId,jdbcType=INTEGER},
      </if>
      <if test="filePath != null">
        #{filePath,jdbcType=VARCHAR},
      </if>
      <if test="createTime != null">
        #{createTime,jdbcType=TIMESTAMP},
      </if>
      <if test="updateTime != null">
        #{updateTime,jdbcType=TIMESTAMP},
      </if>
    </trim>
  </insert>
  <select id="countByExample" parameterType="jp.co.nec.docmng.dao.entity.admin.TmpTeacherCategoryListExample" resultType="java.lang.Long">
    <!--
      WARNING - @mbg.generated
      This element is automatically generated by MyBatis Generator, do not modify.
      This element was generated on Wed Oct 30 19:29:06 JST 2019.
    -->
    select count(*) from admin.tmp_teacher_category_list
    <if test="_parameter != null">
      <include refid="Example_Where_Clause" />
    </if>
  </select>
  <update id="updateByExampleSelective" parameterType="map">
    <!--
      WARNING - @mbg.generated
      This element is automatically generated by MyBatis Generator, do not modify.
      This element was generated on Wed Oct 30 19:29:06 JST 2019.
    -->
    update admin.tmp_teacher_category_list
    <set>
      <if test="record.userId != null">
        user_id = #{record.userId,jdbcType=VARCHAR},
      </if>
      <if test="record.sortId != null">
        sort_id = #{record.sortId,jdbcType=INTEGER},
      </if>
      <if test="record.categoryId != null">
        category_id = #{record.categoryId,jdbcType=INTEGER},
      </if>
      <if test="record.filePath != null">
        file_path = #{record.filePath,jdbcType=VARCHAR},
      </if>
      <if test="record.createTime != null">
        create_time = #{record.createTime,jdbcType=TIMESTAMP},
      </if>
      <if test="record.updateTime != null">
        update_time = #{record.updateTime,jdbcType=TIMESTAMP},
      </if>
    </set>
    <if test="_parameter != null">
      <include refid="Update_By_Example_Where_Clause" />
    </if>
  </update>
  <update id="updateByExample" parameterType="map">
    <!--
      WARNING - @mbg.generated
      This element is automatically generated by MyBatis Generator, do not modify.
      This element was generated on Wed Oct 30 19:29:06 JST 2019.
    -->
    update admin.tmp_teacher_category_list
    set user_id = #{record.userId,jdbcType=VARCHAR},
      sort_id = #{record.sortId,jdbcType=INTEGER},
      category_id = #{record.categoryId,jdbcType=INTEGER},
      file_path = #{record.filePath,jdbcType=VARCHAR},
      create_time = #{record.createTime,jdbcType=TIMESTAMP},
      update_time = #{record.updateTime,jdbcType=TIMESTAMP}
    <if test="_parameter != null">
      <include refid="Update_By_Example_Where_Clause" />
    </if>
  </update>
  <update id="updateByPrimaryKeySelective" parameterType="jp.co.nec.docmng.dao.entity.admin.TmpTeacherCategoryList">
    <!--
      WARNING - @mbg.generated
      This element is automatically generated by MyBatis Generator, do not modify.
      This element was generated on Wed Oct 30 19:29:06 JST 2019.
    -->
    update admin.tmp_teacher_category_list
    <set>
      <if test="categoryId != null">
        category_id = #{categoryId,jdbcType=INTEGER},
      </if>
      <if test="filePath != null">
        file_path = #{filePath,jdbcType=VARCHAR},
      </if>
      <if test="createTime != null">
        create_time = #{createTime,jdbcType=TIMESTAMP},
      </if>
      <if test="updateTime != null">
        update_time = #{updateTime,jdbcType=TIMESTAMP},
      </if>
    </set>
    where user_id = #{userId,jdbcType=VARCHAR}
      and sort_id = #{sortId,jdbcType=INTEGER}
  </update>
  <update id="updateByPrimaryKey" parameterType="jp.co.nec.docmng.dao.entity.admin.TmpTeacherCategoryList">
    <!--
      WARNING - @mbg.generated
      This element is automatically generated by MyBatis Generator, do not modify.
      This element was generated on Wed Oct 30 19:29:06 JST 2019.
    -->
    update admin.tmp_teacher_category_list
    set category_id = #{categoryId,jdbcType=INTEGER},
      file_path = #{filePath,jdbcType=VARCHAR},
      create_time = #{createTime,jdbcType=TIMESTAMP},
      update_time = #{updateTime,jdbcType=TIMESTAMP}
    where user_id = #{userId,jdbcType=VARCHAR}
      and sort_id = #{sortId,jdbcType=INTEGER}
  </update>
</mapper>