<?xml version="1.0" encoding="UTF-8"?>
<!DOCTYPE mapper PUBLIC
    "-//mybatis.org//DTD Mapper 3.0//EN"
    "http://mybatis.org/dtd/mybatis-3-mapper.dtd">

<mapper namespace="com.example.demo.model.mapper.SearchServerInfoMapper">
    <insert id="insert">
        insert into search_server_info (
        server_name
        ,display_name
        ,ip_address
        ,login_user_name
        ,login_password
        ,directory_path
        ,display_order
        ,create_time
        ,update_time)
        values (
        #{server_name}
        ,#{display_name}
        ,#{ip_address}
        ,#{login_user_name}
        ,#{login_password}
        ,#{directory_path}
        ,#{display_order}
        ,#{create_time}
        ,#{update_time}
        )
    </insert>
    <insert id="insertAll" parameterType="java.util.List">
        insert into search_server_info (
        server_name
        ,display_name
        ,ip_address
        ,login_user_name
        ,login_password
        ,directory_path
        ,display_order
        ,create_time
        ,update_time) values
        <foreach collection="searchServerInfoList" item="searchServerInfo" separator=",">
            (
            #{searchServerInfo.server_name}
            ,#{searchServerInfo.display_name}
            ,#{searchServerInfo.ip_address}
            ,#{searchServerInfo.login_user_name}
            ,#{searchServerInfo.login_password}
            ,#{searchServerInfo.directory_path}
            ,#{searchServerInfo.display_order}
            ,#{searchServerInfo.create_time}
            ,#{searchServerInfo.update_time}
            )
        </foreach>
    </insert>
    <update id="update">
        update search_server_info set
        server_name = coalesce(#{server_name}, server_name)
        ,display_name = coalesce(#{display_name}, display_name)
        ,ip_address = coalesce(#{ip_address}, ip_address)
        ,login_user_name = coalesce(#{login_user_name}, login_user_name)
        ,login_password = coalesce(#{login_password}, login_password)
        ,directory_path = coalesce(#{directory_path}, directory_path)
        ,display_order = coalesce(#{display_order}, display_order)
        ,update_time = coalesce(#{update_time}, update_time)
        where server_id = #{server_id}
    </update>
    <update id="updateDisplayOrder">
        update search_server_info
        set display_order = #{display_order}
        where server_id = #{server_id}
    </update>
    <delete id="deleteById">
        delete from search_server_info
        where server_id =
        #{server_id}
    </delete>

</mapper>