<?xml version="1.0" encoding="UTF-8"?>
<!DOCTYPE mapper PUBLIC "-//mybatis.org//DTD Mapper 3.0//EN" "http://mybatis.org/dtd/mybatis-3-mapper.dtd">
<mapper namespace="jp.co.nec.docmng.dao.mapper.common.DirectoryInfoInternalMapper">
  <resultMap id="BaseResultMap" type="jp.co.nec.docmng.dao.entity.common.DirectoryInfoInternal">
    <!--
      WARNING - @mbg.generated
      This element is automatically generated by MyBatis Generator, do not modify.
      This element was generated on Wed Oct 30 19:29:06 JST 2019.
    -->
    <id column="directory_id" jdbcType="INTEGER" property="directoryId" />
    <result column="server_id" jdbcType="INTEGER" property="serverId" />
    <result column="directory_name" jdbcType="VARCHAR" property="directoryName" />
    <result column="parent_id" jdbcType="INTEGER" property="parentId" />
    <result column="directory_path" jdbcType="VARCHAR" property="directoryPath" />
    <result column="directory_type" jdbcType="INTEGER" property="directoryType" />
    <result column="crawl_act_time" jdbcType="TIMESTAMP" property="crawlActTime" />
    <result column="document_mod_flg" jdbcType="BIT" property="documentModFlg" />
    <result column="document_del_flg" jdbcType="BIT" property="documentDelFlg" />
    <result column="create_time" jdbcType="TIMESTAMP" property="createTime" />
    <result column="update_time" jdbcType="TIMESTAMP" property="updateTime" />
  </resultMap>
  <sql id="Example_Where_Clause">
    <!--
      WARNING - @mbg.generated
      This element is automatically generated by MyBatis Generator, do not modify.
      This element was generated on Wed Oct 30 19:29:06 JST 2019.
    -->
    <where>
      <foreach collection="oredCriteria" item="criteria" separator="or">
        <if test="criteria.valid">
          <trim prefix="(" prefixOverrides="and" suffix=")">
            <foreach collection="criteria.criteria" item="criterion">
              <choose>
                <when test="criterion.noValue">
                  and ${criterion.condition}
                </when>
                <when test="criterion.singleValue">
                  and ${criterion.condition} #{criterion.value}
                </when>
                <when test="criterion.betweenValue">
                  and ${criterion.condition} #{criterion.value} and #{criterion.secondValue}
                </when>
                <when test="criterion.listValue">
                  and ${criterion.condition}
                  <foreach close=")" collection="criterion.value" item="listItem" open="(" separator=",">
                    #{listItem}
                  </foreach>
                </when>
              </choose>
            </foreach>
          </trim>
        </if>
      </foreach>
    </where>
  </sql>
  <sql id="Update_By_Example_Where_Clause">
    <!--
      WARNING - @mbg.generated
      This element is automatically generated by MyBatis Generator, do not modify.
      This element was generated on Wed Oct 30 19:29:06 JST 2019.
    -->
    <where>
      <foreach collection="example.oredCriteria" item="criteria" separator="or">
        <if test="criteria.valid">
          <trim prefix="(" prefixOverrides="and" suffix=")">
            <foreach collection="criteria.criteria" item="criterion">
              <choose>
                <when test="criterion.noValue">
                  and ${criterion.condition}
                </when>
                <when test="criterion.singleValue">
                  and ${criterion.condition} #{criterion.value}
                </when>
                <when test="criterion.betweenValue">
                  and ${criterion.condition} #{criterion.value} and #{criterion.secondValue}
                </when>
                <when test="criterion.listValue">
                  and ${criterion.condition}
                  <foreach close=")" collection="criterion.value" item="listItem" open="(" separator=",">
                    #{listItem}
                  </foreach>
                </when>
              </choose>
            </foreach>
          </trim>
        </if>
      </foreach>
    </where>
  </sql>
  <sql id="Base_Column_List">
    <!--
      WARNING - @mbg.generated
      This element is automatically generated by MyBatis Generator, do not modify.
      This element was generated on Wed Oct 30 19:29:06 JST 2019.
    -->
    directory_id, server_id, directory_name, parent_id, directory_path, directory_type, 
    crawl_act_time, document_mod_flg, document_del_flg, create_time, update_time
  </sql>
  <select id="selectByExample" parameterType="jp.co.nec.docmng.dao.entity.common.DirectoryInfoInternalExample" resultMap="BaseResultMap">
    <!--
      WARNING - @mbg.generated
      This element is automatically generated by MyBatis Generator, do not modify.
      This element was generated on Wed Oct 30 19:29:06 JST 2019.
    -->
    select
    <if test="distinct">
      distinct
    </if>
    <include refid="Base_Column_List" />
    from common.directory_info_internal
    <if test="_parameter != null">
      <include refid="Example_Where_Clause" />
    </if>
    <if test="orderByClause != null">
      order by ${orderByClause}
    </if>
  </select>
  <select id="selectByPrimaryKey" parameterType="java.lang.Integer" resultMap="BaseResultMap">
    <!--
      WARNING - @mbg.generated
      This element is automatically generated by MyBatis Generator, do not modify.
      This element was generated on Wed Oct 30 19:29:06 JST 2019.
    -->
    select 
    <include refid="Base_Column_List" />
    from common.directory_info_internal
    where directory_id = #{directoryId,jdbcType=INTEGER}
  </select>
  <delete id="deleteByPrimaryKey" parameterType="java.lang.Integer">
    <!--
      WARNING - @mbg.generated
      This element is automatically generated by MyBatis Generator, do not modify.
      This element was generated on Wed Oct 30 19:29:06 JST 2019.
    -->
    delete from common.directory_info_internal
    where directory_id = #{directoryId,jdbcType=INTEGER}
  </delete>
  <delete id="deleteByExample" parameterType="jp.co.nec.docmng.dao.entity.common.DirectoryInfoInternalExample">
    <!--
      WARNING - @mbg.generated
      This element is automatically generated by MyBatis Generator, do not modify.
      This element was generated on Wed Oct 30 19:29:06 JST 2019.
    -->
    delete from common.directory_info_internal
    <if test="_parameter != null">
      <include refid="Example_Where_Clause" />
    </if>
  </delete>
  <insert id="insert" parameterType="jp.co.nec.docmng.dao.entity.common.DirectoryInfoInternal">
    <!--
      WARNING - @mbg.generated
      This element is automatically generated by MyBatis Generator, do not modify.
      This element was generated on Wed Oct 30 19:29:06 JST 2019.
    -->
    insert into common.directory_info_internal (directory_id, server_id, directory_name, 
      parent_id, directory_path, directory_type, 
      crawl_act_time, document_mod_flg, document_del_flg, 
      create_time, update_time)
    values (#{directoryId,jdbcType=INTEGER}, #{serverId,jdbcType=INTEGER}, #{directoryName,jdbcType=VARCHAR}, 
      #{parentId,jdbcType=INTEGER}, #{directoryPath,jdbcType=VARCHAR}, #{directoryType,jdbcType=INTEGER}, 
      #{crawlActTime,jdbcType=TIMESTAMP}, #{documentModFlg,jdbcType=BIT}, #{documentDelFlg,jdbcType=BIT}, 
      #{createTime,jdbcType=TIMESTAMP}, #{updateTime,jdbcType=TIMESTAMP})
  </insert>
  <insert id="insertSelective" parameterType="jp.co.nec.docmng.dao.entity.common.DirectoryInfoInternal">
    <!--
      WARNING - @mbg.generated
      This element is automatically generated by MyBatis Generator, do not modify.
      This element was generated on Wed Oct 30 19:29:06 JST 2019.
    -->
    insert into common.directory_info_internal
    <trim prefix="(" suffix=")" suffixOverrides=",">
      <if test="directoryId != null">
        directory_id,
      </if>
      <if test="serverId != null">
        server_id,
      </if>
      <if test="directoryName != null">
        directory_name,
      </if>
      <if test="parentId != null">
        parent_id,
      </if>
      <if test="directoryPath != null">
        directory_path,
      </if>
      <if test="directoryType != null">
        directory_type,
      </if>
      <if test="crawlActTime != null">
        crawl_act_time,
      </if>
      <if test="documentModFlg != null">
        document_mod_flg,
      </if>
      <if test="documentDelFlg != null">
        document_del_flg,
      </if>
      <if test="createTime != null">
        create_time,
      </if>
      <if test="updateTime != null">
        update_time,
      </if>
    </trim>
    <trim prefix="values (" suffix=")" suffixOverrides=",">
      <if test="directoryId != null">
        #{directoryId,jdbcType=INTEGER},
      </if>
      <if test="serverId != null">
        #{serverId,jdbcType=INTEGER},
      </if>
      <if test="directoryName != null">
        #{directoryName,jdbcType=VARCHAR},
      </if>
      <if test="parentId != null">
        #{parentId,jdbcType=INTEGER},
      </if>
      <if test="directoryPath != null">
        #{directoryPath,jdbcType=VARCHAR},
      </if>
      <if test="directoryType != null">
        #{directoryType,jdbcType=INTEGER},
      </if>
      <if test="crawlActTime != null">
        #{crawlActTime,jdbcType=TIMESTAMP},
      </if>
      <if test="documentModFlg != null">
        #{documentModFlg,jdbcType=BIT},
      </if>
      <if test="documentDelFlg != null">
        #{documentDelFlg,jdbcType=BIT},
      </if>
      <if test="createTime != null">
        #{createTime,jdbcType=TIMESTAMP},
      </if>
      <if test="updateTime != null">
        #{updateTime,jdbcType=TIMESTAMP},
      </if>
    </trim>
  </insert>
  <select id="countByExample" parameterType="jp.co.nec.docmng.dao.entity.common.DirectoryInfoInternalExample" resultType="java.lang.Long">
    <!--
      WARNING - @mbg.generated
      This element is automatically generated by MyBatis Generator, do not modify.
      This element was generated on Wed Oct 30 19:29:06 JST 2019.
    -->
    select count(*) from common.directory_info_internal
    <if test="_parameter != null">
      <include refid="Example_Where_Clause" />
    </if>
  </select>
  <update id="updateByExampleSelective" parameterType="map">
    <!--
      WARNING - @mbg.generated
      This element is automatically generated by MyBatis Generator, do not modify.
      This element was generated on Wed Oct 30 19:29:06 JST 2019.
    -->
    update common.directory_info_internal
    <set>
      <if test="record.directoryId != null">
        directory_id = #{record.directoryId,jdbcType=INTEGER},
      </if>
      <if test="record.serverId != null">
        server_id = #{record.serverId,jdbcType=INTEGER},
      </if>
      <if test="record.directoryName != null">
        directory_name = #{record.directoryName,jdbcType=VARCHAR},
      </if>
      <if test="record.parentId != null">
        parent_id = #{record.parentId,jdbcType=INTEGER},
      </if>
      <if test="record.directoryPath != null">
        directory_path = #{record.directoryPath,jdbcType=VARCHAR},
      </if>
      <if test="record.directoryType != null">
        directory_type = #{record.directoryType,jdbcType=INTEGER},
      </if>
      <if test="record.crawlActTime != null">
        crawl_act_time = #{record.crawlActTime,jdbcType=TIMESTAMP},
      </if>
      <if test="record.documentModFlg != null">
        document_mod_flg = #{record.documentModFlg,jdbcType=BIT},
      </if>
      <if test="record.documentDelFlg != null">
        document_del_flg = #{record.documentDelFlg,jdbcType=BIT},
      </if>
      <if test="record.createTime != null">
        create_time = #{record.createTime,jdbcType=TIMESTAMP},
      </if>
      <if test="record.updateTime != null">
        update_time = #{record.updateTime,jdbcType=TIMESTAMP},
      </if>
    </set>
    <if test="_parameter != null">
      <include refid="Update_By_Example_Where_Clause" />
    </if>
  </update>
  <update id="updateByExample" parameterType="map">
    <!--
      WARNING - @mbg.generated
      This element is automatically generated by MyBatis Generator, do not modify.
      This element was generated on Wed Oct 30 19:29:06 JST 2019.
    -->
    update common.directory_info_internal
    set directory_id = #{record.directoryId,jdbcType=INTEGER},
      server_id = #{record.serverId,jdbcType=INTEGER},
      directory_name = #{record.directoryName,jdbcType=VARCHAR},
      parent_id = #{record.parentId,jdbcType=INTEGER},
      directory_path = #{record.directoryPath,jdbcType=VARCHAR},
      directory_type = #{record.directoryType,jdbcType=INTEGER},
      crawl_act_time = #{record.crawlActTime,jdbcType=TIMESTAMP},
      document_mod_flg = #{record.documentModFlg,jdbcType=BIT},
      document_del_flg = #{record.documentDelFlg,jdbcType=BIT},
      create_time = #{record.createTime,jdbcType=TIMESTAMP},
      update_time = #{record.updateTime,jdbcType=TIMESTAMP}
    <if test="_parameter != null">
      <include refid="Update_By_Example_Where_Clause" />
    </if>
  </update>
  <update id="updateByPrimaryKeySelective" parameterType="jp.co.nec.docmng.dao.entity.common.DirectoryInfoInternal">
    <!--
      WARNING - @mbg.generated
      This element is automatically generated by MyBatis Generator, do not modify.
      This element was generated on Wed Oct 30 19:29:06 JST 2019.
    -->
    update common.directory_info_internal
    <set>
      <if test="serverId != null">
        server_id = #{serverId,jdbcType=INTEGER},
      </if>
      <if test="directoryName != null">
        directory_name = #{directoryName,jdbcType=VARCHAR},
      </if>
      <if test="parentId != null">
        parent_id = #{parentId,jdbcType=INTEGER},
      </if>
      <if test="directoryPath != null">
        directory_path = #{directoryPath,jdbcType=VARCHAR},
      </if>
      <if test="directoryType != null">
        directory_type = #{directoryType,jdbcType=INTEGER},
      </if>
      <if test="crawlActTime != null">
        crawl_act_time = #{crawlActTime,jdbcType=TIMESTAMP},
      </if>
      <if test="documentModFlg != null">
        document_mod_flg = #{documentModFlg,jdbcType=BIT},
      </if>
      <if test="documentDelFlg != null">
        document_del_flg = #{documentDelFlg,jdbcType=BIT},
      </if>
      <if test="createTime != null">
        create_time = #{createTime,jdbcType=TIMESTAMP},
      </if>
      <if test="updateTime != null">
        update_time = #{updateTime,jdbcType=TIMESTAMP},
      </if>
    </set>
    where directory_id = #{directoryId,jdbcType=INTEGER}
  </update>
  <update id="updateByPrimaryKey" parameterType="jp.co.nec.docmng.dao.entity.common.DirectoryInfoInternal">
    <!--
      WARNING - @mbg.generated
      This element is automatically generated by MyBatis Generator, do not modify.
      This element was generated on Wed Oct 30 19:29:06 JST 2019.
    -->
    update common.directory_info_internal
    set server_id = #{serverId,jdbcType=INTEGER},
      directory_name = #{directoryName,jdbcType=VARCHAR},
      parent_id = #{parentId,jdbcType=INTEGER},
      directory_path = #{directoryPath,jdbcType=VARCHAR},
      directory_type = #{directoryType,jdbcType=INTEGER},
      crawl_act_time = #{crawlActTime,jdbcType=TIMESTAMP},
      document_mod_flg = #{documentModFlg,jdbcType=BIT},
      document_del_flg = #{documentDelFlg,jdbcType=BIT},
      create_time = #{createTime,jdbcType=TIMESTAMP},
      update_time = #{updateTime,jdbcType=TIMESTAMP}
    where directory_id = #{directoryId,jdbcType=INTEGER}
  </update>
</mapper>