<?xml version="1.0" encoding="UTF-8"?>
<!DOCTYPE mapper PUBLIC "-//mybatis.org//DTD Mapper 3.0//EN" "http://mybatis.org/dtd/mybatis-3-mapper.dtd">
<mapper namespace="jp.co.nec.docmng.dao.mapper.common.TmpMaskDocumentMarkerMapper">
  <resultMap id="BaseResultMap" type="jp.co.nec.docmng.dao.entity.common.TmpMaskDocumentMarker">
    <!--
      WARNING - @mbg.generated
      This element is automatically generated by MyBatis Generator, do not modify.
      This element was generated on Wed Oct 30 19:29:06 JST 2019.
    -->
    <id column="marker_id" jdbcType="INTEGER" property="markerId" />
    <result column="document_id" jdbcType="INTEGER" property="documentId" />
    <result column="user_id" jdbcType="VARCHAR" property="userId" />
    <result column="marker_start_cd" jdbcType="VARCHAR" property="markerStartCd" />
    <result column="marker_end_cd" jdbcType="VARCHAR" property="markerEndCd" />
    <result column="marker_remarks" jdbcType="VARCHAR" property="markerRemarks" />
    <result column="create_time" jdbcType="TIMESTAMP" property="createTime" />
    <result column="update_time" jdbcType="TIMESTAMP" property="updateTime" />
  </resultMap>
  <sql id="Example_Where_Clause">
    <!--
      WARNING - @mbg.generated
      This element is automatically generated by MyBatis Generator, do not modify.
      This element was generated on Wed Oct 30 19:29:06 JST 2019.
    -->
    <where>
      <foreach collection="oredCriteria" item="criteria" separator="or">
        <if test="criteria.valid">
          <trim prefix="(" prefixOverrides="and" suffix=")">
            <foreach collection="criteria.criteria" item="criterion">
              <choose>
                <when test="criterion.noValue">
                  and ${criterion.condition}
                </when>
                <when test="criterion.singleValue">
                  and ${criterion.condition} #{criterion.value}
                </when>
                <when test="criterion.betweenValue">
                  and ${criterion.condition} #{criterion.value} and #{criterion.secondValue}
                </when>
                <when test="criterion.listValue">
                  and ${criterion.condition}
                  <foreach close=")" collection="criterion.value" item="listItem" open="(" separator=",">
                    #{listItem}
                  </foreach>
                </when>
              </choose>
            </foreach>
          </trim>
        </if>
      </foreach>
    </where>
  </sql>
  <sql id="Update_By_Example_Where_Clause">
    <!--
      WARNING - @mbg.generated
      This element is automatically generated by MyBatis Generator, do not modify.
      This element was generated on Wed Oct 30 19:29:06 JST 2019.
    -->
    <where>
      <foreach collection="example.oredCriteria" item="criteria" separator="or">
        <if test="criteria.valid">
          <trim prefix="(" prefixOverrides="and" suffix=")">
            <foreach collection="criteria.criteria" item="criterion">
              <choose>
                <when test="criterion.noValue">
                  and ${criterion.condition}
                </when>
                <when test="criterion.singleValue">
                  and ${criterion.condition} #{criterion.value}
                </when>
                <when test="criterion.betweenValue">
                  and ${criterion.condition} #{criterion.value} and #{criterion.secondValue}
                </when>
                <when test="criterion.listValue">
                  and ${criterion.condition}
                  <foreach close=")" collection="criterion.value" item="listItem" open="(" separator=",">
                    #{listItem}
                  </foreach>
                </when>
              </choose>
            </foreach>
          </trim>
        </if>
      </foreach>
    </where>
  </sql>
  <sql id="Base_Column_List">
    <!--
      WARNING - @mbg.generated
      This element is automatically generated by MyBatis Generator, do not modify.
      This element was generated on Wed Oct 30 19:29:06 JST 2019.
    -->
    marker_id, document_id, user_id, marker_start_cd, marker_end_cd, marker_remarks, 
    create_time, update_time
  </sql>
  <select id="selectByExample" parameterType="jp.co.nec.docmng.dao.entity.common.TmpMaskDocumentMarkerExample" resultMap="BaseResultMap">
    <!--
      WARNING - @mbg.generated
      This element is automatically generated by MyBatis Generator, do not modify.
      This element was generated on Wed Oct 30 19:29:06 JST 2019.
    -->
    select
    <if test="distinct">
      distinct
    </if>
    <include refid="Base_Column_List" />
    from common.tmp_mask_document_marker
    <if test="_parameter != null">
      <include refid="Example_Where_Clause" />
    </if>
    <if test="orderByClause != null">
      order by ${orderByClause}
    </if>
  </select>
  <select id="selectByPrimaryKey" parameterType="java.lang.Integer" resultMap="BaseResultMap">
    <!--
      WARNING - @mbg.generated
      This element is automatically generated by MyBatis Generator, do not modify.
      This element was generated on Wed Oct 30 19:29:06 JST 2019.
    -->
    select 
    <include refid="Base_Column_List" />
    from common.tmp_mask_document_marker
    where marker_id = #{markerId,jdbcType=INTEGER}
  </select>
  <delete id="deleteByPrimaryKey" parameterType="java.lang.Integer">
    <!--
      WARNING - @mbg.generated
      This element is automatically generated by MyBatis Generator, do not modify.
      This element was generated on Wed Oct 30 19:29:06 JST 2019.
    -->
    delete from common.tmp_mask_document_marker
    where marker_id = #{markerId,jdbcType=INTEGER}
  </delete>
  <delete id="deleteByExample" parameterType="jp.co.nec.docmng.dao.entity.common.TmpMaskDocumentMarkerExample">
    <!--
      WARNING - @mbg.generated
      This element is automatically generated by MyBatis Generator, do not modify.
      This element was generated on Wed Oct 30 19:29:06 JST 2019.
    -->
    delete from common.tmp_mask_document_marker
    <if test="_parameter != null">
      <include refid="Example_Where_Clause" />
    </if>
  </delete>
  <insert id="insert" parameterType="jp.co.nec.docmng.dao.entity.common.TmpMaskDocumentMarker">
    <!--
      WARNING - @mbg.generated
      This element is automatically generated by MyBatis Generator, do not modify.
      This element was generated on Wed Oct 30 19:29:06 JST 2019.
    -->
    insert into common.tmp_mask_document_marker (marker_id, document_id, user_id, 
      marker_start_cd, marker_end_cd, marker_remarks, 
      create_time, update_time)
    values (#{markerId,jdbcType=INTEGER}, #{documentId,jdbcType=INTEGER}, #{userId,jdbcType=VARCHAR}, 
      #{markerStartCd,jdbcType=VARCHAR}, #{markerEndCd,jdbcType=VARCHAR}, #{markerRemarks,jdbcType=VARCHAR}, 
      #{createTime,jdbcType=TIMESTAMP}, #{updateTime,jdbcType=TIMESTAMP})
  </insert>
  <insert id="insertSelective" parameterType="jp.co.nec.docmng.dao.entity.common.TmpMaskDocumentMarker">
    <!--
      WARNING - @mbg.generated
      This element is automatically generated by MyBatis Generator, do not modify.
      This element was generated on Wed Oct 30 19:29:06 JST 2019.
    -->
    insert into common.tmp_mask_document_marker
    <trim prefix="(" suffix=")" suffixOverrides=",">
      <if test="markerId != null">
        marker_id,
      </if>
      <if test="documentId != null">
        document_id,
      </if>
      <if test="userId != null">
        user_id,
      </if>
      <if test="markerStartCd != null">
        marker_start_cd,
      </if>
      <if test="markerEndCd != null">
        marker_end_cd,
      </if>
      <if test="markerRemarks != null">
        marker_remarks,
      </if>
      <if test="createTime != null">
        create_time,
      </if>
      <if test="updateTime != null">
        update_time,
      </if>
    </trim>
    <trim prefix="values (" suffix=")" suffixOverrides=",">
      <if test="markerId != null">
        #{markerId,jdbcType=INTEGER},
      </if>
      <if test="documentId != null">
        #{documentId,jdbcType=INTEGER},
      </if>
      <if test="userId != null">
        #{userId,jdbcType=VARCHAR},
      </if>
      <if test="markerStartCd != null">
        #{markerStartCd,jdbcType=VARCHAR},
      </if>
      <if test="markerEndCd != null">
        #{markerEndCd,jdbcType=VARCHAR},
      </if>
      <if test="markerRemarks != null">
        #{markerRemarks,jdbcType=VARCHAR},
      </if>
      <if test="createTime != null">
        #{createTime,jdbcType=TIMESTAMP},
      </if>
      <if test="updateTime != null">
        #{updateTime,jdbcType=TIMESTAMP},
      </if>
    </trim>
  </insert>
  <select id="countByExample" parameterType="jp.co.nec.docmng.dao.entity.common.TmpMaskDocumentMarkerExample" resultType="java.lang.Long">
    <!--
      WARNING - @mbg.generated
      This element is automatically generated by MyBatis Generator, do not modify.
      This element was generated on Wed Oct 30 19:29:06 JST 2019.
    -->
    select count(*) from common.tmp_mask_document_marker
    <if test="_parameter != null">
      <include refid="Example_Where_Clause" />
    </if>
  </select>
  <update id="updateByExampleSelective" parameterType="map">
    <!--
      WARNING - @mbg.generated
      This element is automatically generated by MyBatis Generator, do not modify.
      This element was generated on Wed Oct 30 19:29:06 JST 2019.
    -->
    update common.tmp_mask_document_marker
    <set>
      <if test="record.markerId != null">
        marker_id = #{record.markerId,jdbcType=INTEGER},
      </if>
      <if test="record.documentId != null">
        document_id = #{record.documentId,jdbcType=INTEGER},
      </if>
      <if test="record.userId != null">
        user_id = #{record.userId,jdbcType=VARCHAR},
      </if>
      <if test="record.markerStartCd != null">
        marker_start_cd = #{record.markerStartCd,jdbcType=VARCHAR},
      </if>
      <if test="record.markerEndCd != null">
        marker_end_cd = #{record.markerEndCd,jdbcType=VARCHAR},
      </if>
      <if test="record.markerRemarks != null">
        marker_remarks = #{record.markerRemarks,jdbcType=VARCHAR},
      </if>
      <if test="record.createTime != null">
        create_time = #{record.createTime,jdbcType=TIMESTAMP},
      </if>
      <if test="record.updateTime != null">
        update_time = #{record.updateTime,jdbcType=TIMESTAMP},
      </if>
    </set>
    <if test="_parameter != null">
      <include refid="Update_By_Example_Where_Clause" />
    </if>
  </update>
  <update id="updateByExample" parameterType="map">
    <!--
      WARNING - @mbg.generated
      This element is automatically generated by MyBatis Generator, do not modify.
      This element was generated on Wed Oct 30 19:29:06 JST 2019.
    -->
    update common.tmp_mask_document_marker
    set marker_id = #{record.markerId,jdbcType=INTEGER},
      document_id = #{record.documentId,jdbcType=INTEGER},
      user_id = #{record.userId,jdbcType=VARCHAR},
      marker_start_cd = #{record.markerStartCd,jdbcType=VARCHAR},
      marker_end_cd = #{record.markerEndCd,jdbcType=VARCHAR},
      marker_remarks = #{record.markerRemarks,jdbcType=VARCHAR},
      create_time = #{record.createTime,jdbcType=TIMESTAMP},
      update_time = #{record.updateTime,jdbcType=TIMESTAMP}
    <if test="_parameter != null">
      <include refid="Update_By_Example_Where_Clause" />
    </if>
  </update>
  <update id="updateByPrimaryKeySelective" parameterType="jp.co.nec.docmng.dao.entity.common.TmpMaskDocumentMarker">
    <!--
      WARNING - @mbg.generated
      This element is automatically generated by MyBatis Generator, do not modify.
      This element was generated on Wed Oct 30 19:29:06 JST 2019.
    -->
    update common.tmp_mask_document_marker
    <set>
      <if test="documentId != null">
        document_id = #{documentId,jdbcType=INTEGER},
      </if>
      <if test="userId != null">
        user_id = #{userId,jdbcType=VARCHAR},
      </if>
      <if test="markerStartCd != null">
        marker_start_cd = #{markerStartCd,jdbcType=VARCHAR},
      </if>
      <if test="markerEndCd != null">
        marker_end_cd = #{markerEndCd,jdbcType=VARCHAR},
      </if>
      <if test="markerRemarks != null">
        marker_remarks = #{markerRemarks,jdbcType=VARCHAR},
      </if>
      <if test="createTime != null">
        create_time = #{createTime,jdbcType=TIMESTAMP},
      </if>
      <if test="updateTime != null">
        update_time = #{updateTime,jdbcType=TIMESTAMP},
      </if>
    </set>
    where marker_id = #{markerId,jdbcType=INTEGER}
  </update>
  <update id="updateByPrimaryKey" parameterType="jp.co.nec.docmng.dao.entity.common.TmpMaskDocumentMarker">
    <!--
      WARNING - @mbg.generated
      This element is automatically generated by MyBatis Generator, do not modify.
      This element was generated on Wed Oct 30 19:29:06 JST 2019.
    -->
    update common.tmp_mask_document_marker
    set document_id = #{documentId,jdbcType=INTEGER},
      user_id = #{userId,jdbcType=VARCHAR},
      marker_start_cd = #{markerStartCd,jdbcType=VARCHAR},
      marker_end_cd = #{markerEndCd,jdbcType=VARCHAR},
      marker_remarks = #{markerRemarks,jdbcType=VARCHAR},
      create_time = #{createTime,jdbcType=TIMESTAMP},
      update_time = #{updateTime,jdbcType=TIMESTAMP}
    where marker_id = #{markerId,jdbcType=INTEGER}
  </update>
</mapper>