<?xml version="1.0" encoding="UTF-8" ?>
<!DOCTYPE mapper PUBLIC "-//mybatis.org//DTD Mapper 3.0//EN" "http://mybatis.org/dtd/mybatis-3-mapper.dtd">
<mapper namespace="jp.co.nec.blackPaint.domain.mapper.PolicyInfoMapper">

<!-- idは型 typeはEntitycls -->
  <resultMap id="BaseResultMap" type="jp.co.nec.blackPaint.domain.entity.PolicyInfoEntity">

    <id column="policy_id" jdbcType="INTEGER" property="policy_id" />
    <result column="policy_number" jdbcType="INTEGER" property="policy_number" />
    <result column="policy_name" jdbcType="VARCHAR" property="policy_name" />
    <result column="policy_author" jdbcType="VARCHAR" property="policy_author" />
    <result column="policy_reason" jdbcType="VARCHAR" property="policy_reason" />
    <result column="policy_keyword" jdbcType="VARCHAR" property="policy_keyword" />
    <result column="mask_reason" jdbcType="VARCHAR" property="mask_reason" />
    <result column="create_time" jdbcType="TIMESTAMP" property="create_time" />
    <result column="update_time" jdbcType="TIMESTAMP" property="update_time" />
  </resultMap>


    <select id="findAll" resultMap="BaseResultMap">
        select * from admin.policy_info order by policy_number
    </select>
</mapper>
