<?xml version="1.0" encoding="UTF-8"?>
<!-- <configuration> -->
<configuration scan="true" scanPeriod="60 seconds">

    <!-- <property name="DOCMNG_LOGS" value="./logs" /> -->

    <timestamp key="time" datePattern="yyyyMMdd" />

    <appender name="Console"
        class="ch.qos.logback.core.ConsoleAppender">
        <layout class="ch.qos.logback.classic.PatternLayout">
            <Pattern>
                <!-- %black(%d{ISO8601}) %highlight(%-5level) [%blue(%t)] %yellow(%C{1.}): %msg%n%throwable -->
                %d %-5p %c [%t]: [%5L] :[%M]:%m%n
            </Pattern>
        </layout>
    </appender>

    <appender name="RollingFile"
        class="ch.qos.logback.core.rolling.RollingFileAppender">
        <file>${DOCMNG_LOGS}/文書管理_${time}.log</file>
        <encoder
            class="ch.qos.logback.classic.encoder.PatternLayoutEncoder">
            <!-- <Pattern>%d %p %C{1.} [%t] %m%n</Pattern> -->
            <Pattern>%d %-5p %c [%t]: [%5L] :[%M]:%m%n</Pattern>
        </encoder>

        <rollingPolicy
            class="ch.qos.logback.core.rolling.TimeBasedRollingPolicy">
            <!-- rollover daily and when the file reaches 10 MegaBytes -->
            <fileNamePattern>${DOCMNG_LOGS}/archived/文書管理_%d{yyyy-MM-dd}.%i.log
            </fileNamePattern>
            <timeBasedFileNamingAndTriggeringPolicy
                class="ch.qos.logback.core.rolling.SizeAndTimeBasedFNATP">
                <maxFileSize>10MB</maxFileSize>
            </timeBasedFileNamingAndTriggeringPolicy>
            <!-- 最大保持件数を設定 -->
            <maxHistory>10</maxHistory>
        </rollingPolicy>
    </appender>

    <!-- LOG everything at INFO level -->
    <root level="info">
        <appender-ref ref="RollingFile" />
        <appender-ref ref="Console" />
    </root>

    <!-- LOG "jp.co.nec" at TRACE level -->
    <logger name="jp.co.nec" level="trace" additivity="false">
        <appender-ref ref="RollingFile" />
        <appender-ref ref="Console" />
    </logger>

</configuration>