<?xml version="1.0" encoding="UTF-8"?>
<!DOCTYPE mapper PUBLIC "-//mybatis.org//DTD Mapper 3.0//EN" "http://mybatis.org/dtd/mybatis-3-mapper.dtd">
<mapper namespace="jp.co.nec.manegedDoc.dao.admin.PolicyInfoMapper">
  <resultMap id="BaseResultMap" type="jp.co.nec.manegedDoc.entity.admin.PolicyInfo">
    <!--
      WARNING - @mbg.generated
      This element is automatically generated by MyBatis Generator, do not modify.
      This element was generated on Sun Oct 27 23:32:51 JST 2019.
    -->
    <id column="policy_id" jdbcType="INTEGER" property="policy_id" />
    <result column="policy_number" jdbcType="INTEGER" property="policy_number" />
    <result column="policy_name" jdbcType="VARCHAR" property="policy_name" />
    <result column="policy_author" jdbcType="VARCHAR" property="policy_author" />
    <result column="policy_reason" jdbcType="VARCHAR" property="policy_reason" />
    <result column="policy_keyword" jdbcType="VARCHAR" property="policy_keyword" />
    <result column="mask_reason" jdbcType="VARCHAR" property="mask_reason" />
    <result column="create_time" jdbcType="TIMESTAMP" property="create_time" />
    <result column="update_time" jdbcType="TIMESTAMP" property="update_time" />
  </resultMap>
  <sql id="Example_Where_Clause">
    <!--
      WARNING - @mbg.generated
      This element is automatically generated by MyBatis Generator, do not modify.
      This element was generated on Sun Oct 27 23:32:51 JST 2019.
    -->
    <where>
      <foreach collection="oredCriteria" item="criteria" separator="or">
        <if test="criteria.valid">
          <trim prefix="(" prefixOverrides="and" suffix=")">
            <foreach collection="criteria.criteria" item="criterion">
              <choose>
                <when test="criterion.noValue">
                  and ${criterion.condition}
                </when>
                <when test="criterion.singleValue">
                  and ${criterion.condition} #{criterion.value}
                </when>
                <when test="criterion.betweenValue">
                  and ${criterion.condition} #{criterion.value} and #{criterion.secondValue}
                </when>
                <when test="criterion.listValue">
                  and ${criterion.condition}
                  <foreach close=")" collection="criterion.value" item="listItem" open="(" separator=",">
                    #{listItem}
                  </foreach>
                </when>
              </choose>
            </foreach>
          </trim>
        </if>
      </foreach>
    </where>
  </sql>
  <sql id="Update_By_Example_Where_Clause">
    <!--
      WARNING - @mbg.generated
      This element is automatically generated by MyBatis Generator, do not modify.
      This element was generated on Sun Oct 27 23:32:51 JST 2019.
    -->
    <where>
      <foreach collection="example.oredCriteria" item="criteria" separator="or">
        <if test="criteria.valid">
          <trim prefix="(" prefixOverrides="and" suffix=")">
            <foreach collection="criteria.criteria" item="criterion">
              <choose>
                <when test="criterion.noValue">
                  and ${criterion.condition}
                </when>
                <when test="criterion.singleValue">
                  and ${criterion.condition} #{criterion.value}
                </when>
                <when test="criterion.betweenValue">
                  and ${criterion.condition} #{criterion.value} and #{criterion.secondValue}
                </when>
                <when test="criterion.listValue">
                  and ${criterion.condition}
                  <foreach close=")" collection="criterion.value" item="listItem" open="(" separator=",">
                    #{listItem}
                  </foreach>
                </when>
              </choose>
            </foreach>
          </trim>
        </if>
      </foreach>
    </where>
  </sql>
  <sql id="Base_Column_List">
    <!--
      WARNING - @mbg.generated
      This element is automatically generated by MyBatis Generator, do not modify.
      This element was generated on Sun Oct 27 23:32:51 JST 2019.
    -->
    policy_id, policy_number, policy_name, policy_author, policy_reason, policy_keyword, 
    mask_reason, create_time, update_time
  </sql>
  <select id="selectByExample" parameterType="jp.co.nec.manegedDoc.entity.admin.PolicyInfoExample" resultMap="BaseResultMap">
    <!--
      WARNING - @mbg.generated
      This element is automatically generated by MyBatis Generator, do not modify.
      This element was generated on Sun Oct 27 23:32:51 JST 2019.
    -->
    select
    <if test="distinct">
      distinct
    </if>
    <include refid="Base_Column_List" />
    from admin.policy_info
    <if test="_parameter != null">
      <include refid="Example_Where_Clause" />
    </if>
    <if test="orderByClause != null">
      order by ${orderByClause}
    </if>
  </select>
  <select id="selectByPrimaryKey" parameterType="java.lang.Integer" resultMap="BaseResultMap">
    <!--
      WARNING - @mbg.generated
      This element is automatically generated by MyBatis Generator, do not modify.
      This element was generated on Sun Oct 27 23:32:51 JST 2019.
    -->
    select 
    <include refid="Base_Column_List" />
    from admin.policy_info
    where policy_id = #{policy_id,jdbcType=INTEGER}
  </select>
  <delete id="deleteByPrimaryKey" parameterType="java.lang.Integer">
    <!--
      WARNING - @mbg.generated
      This element is automatically generated by MyBatis Generator, do not modify.
      This element was generated on Sun Oct 27 23:32:51 JST 2019.
    -->
    delete from admin.policy_info
    where policy_id = #{policy_id,jdbcType=INTEGER}
  </delete>
  <delete id="deleteByExample" parameterType="jp.co.nec.manegedDoc.entity.admin.PolicyInfoExample">
    <!--
      WARNING - @mbg.generated
      This element is automatically generated by MyBatis Generator, do not modify.
      This element was generated on Sun Oct 27 23:32:51 JST 2019.
    -->
    delete from admin.policy_info
    <if test="_parameter != null">
      <include refid="Example_Where_Clause" />
    </if>
  </delete>
  <insert id="insert" parameterType="jp.co.nec.manegedDoc.entity.admin.PolicyInfo">
    <!--
      WARNING - @mbg.generated
      This element is automatically generated by MyBatis Generator, do not modify.
      This element was generated on Sun Oct 27 23:32:51 JST 2019.
    -->
    insert into admin.policy_info (policy_id, policy_number, policy_name, 
      policy_author, policy_reason, policy_keyword, 
      mask_reason, create_time, update_time
      )
    values (#{policy_id,jdbcType=INTEGER}, #{policy_number,jdbcType=INTEGER}, #{policy_name,jdbcType=VARCHAR}, 
      #{policy_author,jdbcType=VARCHAR}, #{policy_reason,jdbcType=VARCHAR}, #{policy_keyword,jdbcType=VARCHAR}, 
      #{mask_reason,jdbcType=VARCHAR}, #{create_time,jdbcType=TIMESTAMP}, #{update_time,jdbcType=TIMESTAMP}
      )
  </insert>
  <insert id="insertSelective" parameterType="jp.co.nec.manegedDoc.entity.admin.PolicyInfo">
    <!--
      WARNING - @mbg.generated
      This element is automatically generated by MyBatis Generator, do not modify.
      This element was generated on Sun Oct 27 23:32:51 JST 2019.
    -->
    insert into admin.policy_info
    <trim prefix="(" suffix=")" suffixOverrides=",">
      <if test="policy_id != null">
        policy_id,
      </if>
      <if test="policy_number != null">
        policy_number,
      </if>
      <if test="policy_name != null">
        policy_name,
      </if>
      <if test="policy_author != null">
        policy_author,
      </if>
      <if test="policy_reason != null">
        policy_reason,
      </if>
      <if test="policy_keyword != null">
        policy_keyword,
      </if>
      <if test="mask_reason != null">
        mask_reason,
      </if>
      <if test="create_time != null">
        create_time,
      </if>
      <if test="update_time != null">
        update_time,
      </if>
    </trim>
    <trim prefix="values (" suffix=")" suffixOverrides=",">
      <if test="policy_id != null">
        #{policy_id,jdbcType=INTEGER},
      </if>
      <if test="policy_number != null">
        #{policy_number,jdbcType=INTEGER},
      </if>
      <if test="policy_name != null">
        #{policy_name,jdbcType=VARCHAR},
      </if>
      <if test="policy_author != null">
        #{policy_author,jdbcType=VARCHAR},
      </if>
      <if test="policy_reason != null">
        #{policy_reason,jdbcType=VARCHAR},
      </if>
      <if test="policy_keyword != null">
        #{policy_keyword,jdbcType=VARCHAR},
      </if>
      <if test="mask_reason != null">
        #{mask_reason,jdbcType=VARCHAR},
      </if>
      <if test="create_time != null">
        #{create_time,jdbcType=TIMESTAMP},
      </if>
      <if test="update_time != null">
        #{update_time,jdbcType=TIMESTAMP},
      </if>
    </trim>
  </insert>
  <select id="countByExample" parameterType="jp.co.nec.manegedDoc.entity.admin.PolicyInfoExample" resultType="java.lang.Long">
    <!--
      WARNING - @mbg.generated
      This element is automatically generated by MyBatis Generator, do not modify.
      This element was generated on Sun Oct 27 23:32:51 JST 2019.
    -->
    select count(*) from admin.policy_info
    <if test="_parameter != null">
      <include refid="Example_Where_Clause" />
    </if>
  </select>
  <update id="updateByExampleSelective" parameterType="map">
    <!--
      WARNING - @mbg.generated
      This element is automatically generated by MyBatis Generator, do not modify.
      This element was generated on Sun Oct 27 23:32:51 JST 2019.
    -->
    update admin.policy_info
    <set>
      <if test="record.policy_id != null">
        policy_id = #{record.policy_id,jdbcType=INTEGER},
      </if>
      <if test="record.policy_number != null">
        policy_number = #{record.policy_number,jdbcType=INTEGER},
      </if>
      <if test="record.policy_name != null">
        policy_name = #{record.policy_name,jdbcType=VARCHAR},
      </if>
      <if test="record.policy_author != null">
        policy_author = #{record.policy_author,jdbcType=VARCHAR},
      </if>
      <if test="record.policy_reason != null">
        policy_reason = #{record.policy_reason,jdbcType=VARCHAR},
      </if>
      <if test="record.policy_keyword != null">
        policy_keyword = #{record.policy_keyword,jdbcType=VARCHAR},
      </if>
      <if test="record.mask_reason != null">
        mask_reason = #{record.mask_reason,jdbcType=VARCHAR},
      </if>
      <if test="record.create_time != null">
        create_time = #{record.create_time,jdbcType=TIMESTAMP},
      </if>
      <if test="record.update_time != null">
        update_time = #{record.update_time,jdbcType=TIMESTAMP},
      </if>
    </set>
    <if test="_parameter != null">
      <include refid="Update_By_Example_Where_Clause" />
    </if>
  </update>
  <update id="updateByExample" parameterType="map">
    <!--
      WARNING - @mbg.generated
      This element is automatically generated by MyBatis Generator, do not modify.
      This element was generated on Sun Oct 27 23:32:51 JST 2019.
    -->
    update admin.policy_info
    set policy_id = #{record.policy_id,jdbcType=INTEGER},
      policy_number = #{record.policy_number,jdbcType=INTEGER},
      policy_name = #{record.policy_name,jdbcType=VARCHAR},
      policy_author = #{record.policy_author,jdbcType=VARCHAR},
      policy_reason = #{record.policy_reason,jdbcType=VARCHAR},
      policy_keyword = #{record.policy_keyword,jdbcType=VARCHAR},
      mask_reason = #{record.mask_reason,jdbcType=VARCHAR},
      create_time = #{record.create_time,jdbcType=TIMESTAMP},
      update_time = #{record.update_time,jdbcType=TIMESTAMP}
    <if test="_parameter != null">
      <include refid="Update_By_Example_Where_Clause" />
    </if>
  </update>
  <update id="updateByPrimaryKeySelective" parameterType="jp.co.nec.manegedDoc.entity.admin.PolicyInfo">
    <!--
      WARNING - @mbg.generated
      This element is automatically generated by MyBatis Generator, do not modify.
      This element was generated on Sun Oct 27 23:32:51 JST 2019.
    -->
    update admin.policy_info
    <set>
      <if test="policy_number != null">
        policy_number = #{policy_number,jdbcType=INTEGER},
      </if>
      <if test="policy_name != null">
        policy_name = #{policy_name,jdbcType=VARCHAR},
      </if>
      <if test="policy_author != null">
        policy_author = #{policy_author,jdbcType=VARCHAR},
      </if>
      <if test="policy_reason != null">
        policy_reason = #{policy_reason,jdbcType=VARCHAR},
      </if>
      <if test="policy_keyword != null">
        policy_keyword = #{policy_keyword,jdbcType=VARCHAR},
      </if>
      <if test="mask_reason != null">
        mask_reason = #{mask_reason,jdbcType=VARCHAR},
      </if>
      <if test="create_time != null">
        create_time = #{create_time,jdbcType=TIMESTAMP},
      </if>
      <if test="update_time != null">
        update_time = #{update_time,jdbcType=TIMESTAMP},
      </if>
    </set>
    where policy_id = #{policy_id,jdbcType=INTEGER}
  </update>
  <update id="updateByPrimaryKey" parameterType="jp.co.nec.manegedDoc.entity.admin.PolicyInfo">
    <!--
      WARNING - @mbg.generated
      This element is automatically generated by MyBatis Generator, do not modify.
      This element was generated on Sun Oct 27 23:32:51 JST 2019.
    -->
    update admin.policy_info
    set policy_number = #{policy_number,jdbcType=INTEGER},
      policy_name = #{policy_name,jdbcType=VARCHAR},
      policy_author = #{policy_author,jdbcType=VARCHAR},
      policy_reason = #{policy_reason,jdbcType=VARCHAR},
      policy_keyword = #{policy_keyword,jdbcType=VARCHAR},
      mask_reason = #{mask_reason,jdbcType=VARCHAR},
      create_time = #{create_time,jdbcType=TIMESTAMP},
      update_time = #{update_time,jdbcType=TIMESTAMP}
    where policy_id = #{policy_id,jdbcType=INTEGER}
  </update>
  
  <select id="findAll" resultType="string">
    select * from admin.policy_info order by policy_number
  </select>


</mapper>