<?xml version="1.0" encoding="UTF-8"?>
<!DOCTYPE mapper PUBLIC "-//mybatis.org//DTD Mapper 3.0//EN" "http://mybatis.org/dtd/mybatis-3-mapper.dtd">
<mapper namespace="jp.co.nec.docmng.dao.mapper.DocumentInfoInternalMapper">
  <resultMap id="BaseResultMap" type="jp.co.nec.docmng.dao.entity.DocumentInfoInternal">
    <!--
      WARNING - @mbg.generated
      This element is automatically generated by MyBatis Generator, do not modify.
      This element was generated on Mon Oct 28 15:27:01 JST 2019.
    -->
    <id column="document_id" jdbcType="INTEGER" property="document_id" />
    <result column="document_contents" jdbcType="VARCHAR" property="document_contents" />
    <result column="server_id" jdbcType="INTEGER" property="server_id" />
    <result column="document_name" jdbcType="VARCHAR" property="document_name" />
    <result column="extension" jdbcType="VARCHAR" property="extension" />
    <result column="document_size" jdbcType="NUMERIC" property="document_size" />
    <result column="parent_id" jdbcType="INTEGER" property="parent_id" />
    <result column="file_path" jdbcType="VARCHAR" property="file_path" />
    <result column="marker" jdbcType="VARCHAR" property="marker" />
    <result column="category_id" jdbcType="INTEGER" property="category_id" />
    <result column="procenter_flg" jdbcType="BIT" property="procenter_flg" />
    <result column="retention_period" jdbcType="TIMESTAMP" property="retention_period" />
    <result column="author" jdbcType="VARCHAR" property="author" />
    <result column="updater" jdbcType="VARCHAR" property="updater" />
    <result column="authorizer" jdbcType="VARCHAR" property="authorizer" />
    <result column="file_update_time" jdbcType="TIMESTAMP" property="file_update_time" />
    <result column="mask_status" jdbcType="INTEGER" property="mask_status" />
    <result column="crawl_act_time" jdbcType="TIMESTAMP" property="crawl_act_time" />
    <result column="document_update_flg" jdbcType="BIT" property="document_update_flg" />
    <result column="document_del_flg" jdbcType="BIT" property="document_del_flg" />
    <result column="create_time" jdbcType="TIMESTAMP" property="create_time" />
    <result column="update_time" jdbcType="TIMESTAMP" property="update_time" />
  </resultMap>
  <resultMap extends="BaseResultMap" id="ResultMapWithBLOBs" type="jp.co.nec.docmng.dao.entity.DocumentInfoInternal">
    <!--
      WARNING - @mbg.generated
      This element is automatically generated by MyBatis Generator, do not modify.
      This element was generated on Mon Oct 28 15:27:01 JST 2019.
    -->
    <result column="html_zip_data" jdbcType="BINARY" property="html_zip_data" />
  </resultMap>
  <sql id="Example_Where_Clause">
    <!--
      WARNING - @mbg.generated
      This element is automatically generated by MyBatis Generator, do not modify.
      This element was generated on Mon Oct 28 15:27:01 JST 2019.
    -->
    <where>
      <foreach collection="oredCriteria" item="criteria" separator="or">
        <if test="criteria.valid">
          <trim prefix="(" prefixOverrides="and" suffix=")">
            <foreach collection="criteria.criteria" item="criterion">
              <choose>
                <when test="criterion.noValue">
                  and ${criterion.condition}
                </when>
                <when test="criterion.singleValue">
                  and ${criterion.condition} #{criterion.value}
                </when>
                <when test="criterion.betweenValue">
                  and ${criterion.condition} #{criterion.value} and #{criterion.secondValue}
                </when>
                <when test="criterion.listValue">
                  and ${criterion.condition}
                  <foreach close=")" collection="criterion.value" item="listItem" open="(" separator=",">
                    #{listItem}
                  </foreach>
                </when>
              </choose>
            </foreach>
          </trim>
        </if>
      </foreach>
    </where>
  </sql>
  <sql id="Update_By_Example_Where_Clause">
    <!--
      WARNING - @mbg.generated
      This element is automatically generated by MyBatis Generator, do not modify.
      This element was generated on Mon Oct 28 15:27:01 JST 2019.
    -->
    <where>
      <foreach collection="example.oredCriteria" item="criteria" separator="or">
        <if test="criteria.valid">
          <trim prefix="(" prefixOverrides="and" suffix=")">
            <foreach collection="criteria.criteria" item="criterion">
              <choose>
                <when test="criterion.noValue">
                  and ${criterion.condition}
                </when>
                <when test="criterion.singleValue">
                  and ${criterion.condition} #{criterion.value}
                </when>
                <when test="criterion.betweenValue">
                  and ${criterion.condition} #{criterion.value} and #{criterion.secondValue}
                </when>
                <when test="criterion.listValue">
                  and ${criterion.condition}
                  <foreach close=")" collection="criterion.value" item="listItem" open="(" separator=",">
                    #{listItem}
                  </foreach>
                </when>
              </choose>
            </foreach>
          </trim>
        </if>
      </foreach>
    </where>
  </sql>
  <sql id="Base_Column_List">
    <!--
      WARNING - @mbg.generated
      This element is automatically generated by MyBatis Generator, do not modify.
      This element was generated on Mon Oct 28 15:27:01 JST 2019.
    -->
    "document_id", "document_contents", "server_id", "document_name", "extension", "document_size", 
    "parent_id", "file_path", "marker", "category_id", "procenter_flg", "retention_period", 
    "author", "updater", "authorizer", "file_update_time", "mask_status", "crawl_act_time", 
    "document_update_flg", "document_del_flg", "create_time", "update_time"
  </sql>
  <sql id="Blob_Column_List">
    <!--
      WARNING - @mbg.generated
      This element is automatically generated by MyBatis Generator, do not modify.
      This element was generated on Mon Oct 28 15:27:01 JST 2019.
    -->
    "html_zip_data"
  </sql>
  <select id="selectByExampleWithBLOBs" parameterType="jp.co.nec.docmng.dao.entity.DocumentInfoInternalExample" resultMap="ResultMapWithBLOBs">
    <!--
      WARNING - @mbg.generated
      This element is automatically generated by MyBatis Generator, do not modify.
      This element was generated on Mon Oct 28 15:27:01 JST 2019.
    -->
    select
    <if test="distinct">
      distinct
    </if>
    <include refid="Base_Column_List" />
    ,
    <include refid="Blob_Column_List" />
    from "."document_info_internal"
    <if test="_parameter != null">
      <include refid="Example_Where_Clause" />
    </if>
    <if test="orderByClause != null">
      order by ${orderByClause}
    </if>
  </select>
  <select id="selectByExample" parameterType="jp.co.nec.docmng.dao.entity.DocumentInfoInternalExample" resultMap="BaseResultMap">
    <!--
      WARNING - @mbg.generated
      This element is automatically generated by MyBatis Generator, do not modify.
      This element was generated on Mon Oct 28 15:27:01 JST 2019.
    -->
    select
    <if test="distinct">
      distinct
    </if>
    <include refid="Base_Column_List" />
    from "."document_info_internal"
    <if test="_parameter != null">
      <include refid="Example_Where_Clause" />
    </if>
    <if test="orderByClause != null">
      order by ${orderByClause}
    </if>
  </select>
  <select id="selectByPrimaryKey" parameterType="java.lang.Integer" resultMap="ResultMapWithBLOBs">
    <!--
      WARNING - @mbg.generated
      This element is automatically generated by MyBatis Generator, do not modify.
      This element was generated on Mon Oct 28 15:27:01 JST 2019.
    -->
    select 
    <include refid="Base_Column_List" />
    ,
    <include refid="Blob_Column_List" />
    from "."document_info_internal"
    where "document_id" = #{document_id,jdbcType=INTEGER}
  </select>
  <delete id="deleteByPrimaryKey" parameterType="java.lang.Integer">
    <!--
      WARNING - @mbg.generated
      This element is automatically generated by MyBatis Generator, do not modify.
      This element was generated on Mon Oct 28 15:27:01 JST 2019.
    -->
    delete from "."document_info_internal"
    where "document_id" = #{document_id,jdbcType=INTEGER}
  </delete>
  <delete id="deleteByExample" parameterType="jp.co.nec.docmng.dao.entity.DocumentInfoInternalExample">
    <!--
      WARNING - @mbg.generated
      This element is automatically generated by MyBatis Generator, do not modify.
      This element was generated on Mon Oct 28 15:27:01 JST 2019.
    -->
    delete from "."document_info_internal"
    <if test="_parameter != null">
      <include refid="Example_Where_Clause" />
    </if>
  </delete>
  <insert id="insert" parameterType="jp.co.nec.docmng.dao.entity.DocumentInfoInternal">
    <!--
      WARNING - @mbg.generated
      This element is automatically generated by MyBatis Generator, do not modify.
      This element was generated on Mon Oct 28 15:27:01 JST 2019.
    -->
    insert into "."document_info_internal" ("document_id", "document_contents", "server_id", 
      "document_name", "extension", "document_size", 
      "parent_id", "file_path", "marker", 
      "category_id", "procenter_flg", "retention_period", 
      "author", "updater", "authorizer", 
      "file_update_time", "mask_status", "crawl_act_time", 
      "document_update_flg", "document_del_flg", "create_time", 
      "update_time", "html_zip_data")
    values (#{document_id,jdbcType=INTEGER}, #{document_contents,jdbcType=VARCHAR}, #{server_id,jdbcType=INTEGER}, 
      #{document_name,jdbcType=VARCHAR}, #{extension,jdbcType=VARCHAR}, #{document_size,jdbcType=NUMERIC}, 
      #{parent_id,jdbcType=INTEGER}, #{file_path,jdbcType=VARCHAR}, #{marker,jdbcType=VARCHAR}, 
      #{category_id,jdbcType=INTEGER}, #{procenter_flg,jdbcType=BIT}, #{retention_period,jdbcType=TIMESTAMP}, 
      #{author,jdbcType=VARCHAR}, #{updater,jdbcType=VARCHAR}, #{authorizer,jdbcType=VARCHAR}, 
      #{file_update_time,jdbcType=TIMESTAMP}, #{mask_status,jdbcType=INTEGER}, #{crawl_act_time,jdbcType=TIMESTAMP}, 
      #{document_update_flg,jdbcType=BIT}, #{document_del_flg,jdbcType=BIT}, #{create_time,jdbcType=TIMESTAMP}, 
      #{update_time,jdbcType=TIMESTAMP}, #{html_zip_data,jdbcType=BINARY})
  </insert>
  <insert id="insertSelective" parameterType="jp.co.nec.docmng.dao.entity.DocumentInfoInternal">
    <!--
      WARNING - @mbg.generated
      This element is automatically generated by MyBatis Generator, do not modify.
      This element was generated on Mon Oct 28 15:27:01 JST 2019.
    -->
    insert into "."document_info_internal"
    <trim prefix="(" suffix=")" suffixOverrides=",">
      <if test="document_id != null">
        "document_id",
      </if>
      <if test="document_contents != null">
        "document_contents",
      </if>
      <if test="server_id != null">
        "server_id",
      </if>
      <if test="document_name != null">
        "document_name",
      </if>
      <if test="extension != null">
        "extension",
      </if>
      <if test="document_size != null">
        "document_size",
      </if>
      <if test="parent_id != null">
        "parent_id",
      </if>
      <if test="file_path != null">
        "file_path",
      </if>
      <if test="marker != null">
        "marker",
      </if>
      <if test="category_id != null">
        "category_id",
      </if>
      <if test="procenter_flg != null">
        "procenter_flg",
      </if>
      <if test="retention_period != null">
        "retention_period",
      </if>
      <if test="author != null">
        "author",
      </if>
      <if test="updater != null">
        "updater",
      </if>
      <if test="authorizer != null">
        "authorizer",
      </if>
      <if test="file_update_time != null">
        "file_update_time",
      </if>
      <if test="mask_status != null">
        "mask_status",
      </if>
      <if test="crawl_act_time != null">
        "crawl_act_time",
      </if>
      <if test="document_update_flg != null">
        "document_update_flg",
      </if>
      <if test="document_del_flg != null">
        "document_del_flg",
      </if>
      <if test="create_time != null">
        "create_time",
      </if>
      <if test="update_time != null">
        "update_time",
      </if>
      <if test="html_zip_data != null">
        "html_zip_data",
      </if>
    </trim>
    <trim prefix="values (" suffix=")" suffixOverrides=",">
      <if test="document_id != null">
        #{document_id,jdbcType=INTEGER},
      </if>
      <if test="document_contents != null">
        #{document_contents,jdbcType=VARCHAR},
      </if>
      <if test="server_id != null">
        #{server_id,jdbcType=INTEGER},
      </if>
      <if test="document_name != null">
        #{document_name,jdbcType=VARCHAR},
      </if>
      <if test="extension != null">
        #{extension,jdbcType=VARCHAR},
      </if>
      <if test="document_size != null">
        #{document_size,jdbcType=NUMERIC},
      </if>
      <if test="parent_id != null">
        #{parent_id,jdbcType=INTEGER},
      </if>
      <if test="file_path != null">
        #{file_path,jdbcType=VARCHAR},
      </if>
      <if test="marker != null">
        #{marker,jdbcType=VARCHAR},
      </if>
      <if test="category_id != null">
        #{category_id,jdbcType=INTEGER},
      </if>
      <if test="procenter_flg != null">
        #{procenter_flg,jdbcType=BIT},
      </if>
      <if test="retention_period != null">
        #{retention_period,jdbcType=TIMESTAMP},
      </if>
      <if test="author != null">
        #{author,jdbcType=VARCHAR},
      </if>
      <if test="updater != null">
        #{updater,jdbcType=VARCHAR},
      </if>
      <if test="authorizer != null">
        #{authorizer,jdbcType=VARCHAR},
      </if>
      <if test="file_update_time != null">
        #{file_update_time,jdbcType=TIMESTAMP},
      </if>
      <if test="mask_status != null">
        #{mask_status,jdbcType=INTEGER},
      </if>
      <if test="crawl_act_time != null">
        #{crawl_act_time,jdbcType=TIMESTAMP},
      </if>
      <if test="document_update_flg != null">
        #{document_update_flg,jdbcType=BIT},
      </if>
      <if test="document_del_flg != null">
        #{document_del_flg,jdbcType=BIT},
      </if>
      <if test="create_time != null">
        #{create_time,jdbcType=TIMESTAMP},
      </if>
      <if test="update_time != null">
        #{update_time,jdbcType=TIMESTAMP},
      </if>
      <if test="html_zip_data != null">
        #{html_zip_data,jdbcType=BINARY},
      </if>
    </trim>
  </insert>
  <select id="countByExample" parameterType="jp.co.nec.docmng.dao.entity.DocumentInfoInternalExample" resultType="java.lang.Long">
    <!--
      WARNING - @mbg.generated
      This element is automatically generated by MyBatis Generator, do not modify.
      This element was generated on Mon Oct 28 15:27:01 JST 2019.
    -->
    select count(*) from "."document_info_internal"
    <if test="_parameter != null">
      <include refid="Example_Where_Clause" />
    </if>
  </select>
  <update id="updateByExampleSelective" parameterType="map">
    <!--
      WARNING - @mbg.generated
      This element is automatically generated by MyBatis Generator, do not modify.
      This element was generated on Mon Oct 28 15:27:01 JST 2019.
    -->
    update "."document_info_internal"
    <set>
      <if test="record.document_id != null">
        "document_id" = #{record.document_id,jdbcType=INTEGER},
      </if>
      <if test="record.document_contents != null">
        "document_contents" = #{record.document_contents,jdbcType=VARCHAR},
      </if>
      <if test="record.server_id != null">
        "server_id" = #{record.server_id,jdbcType=INTEGER},
      </if>
      <if test="record.document_name != null">
        "document_name" = #{record.document_name,jdbcType=VARCHAR},
      </if>
      <if test="record.extension != null">
        "extension" = #{record.extension,jdbcType=VARCHAR},
      </if>
      <if test="record.document_size != null">
        "document_size" = #{record.document_size,jdbcType=NUMERIC},
      </if>
      <if test="record.parent_id != null">
        "parent_id" = #{record.parent_id,jdbcType=INTEGER},
      </if>
      <if test="record.file_path != null">
        "file_path" = #{record.file_path,jdbcType=VARCHAR},
      </if>
      <if test="record.marker != null">
        "marker" = #{record.marker,jdbcType=VARCHAR},
      </if>
      <if test="record.category_id != null">
        "category_id" = #{record.category_id,jdbcType=INTEGER},
      </if>
      <if test="record.procenter_flg != null">
        "procenter_flg" = #{record.procenter_flg,jdbcType=BIT},
      </if>
      <if test="record.retention_period != null">
        "retention_period" = #{record.retention_period,jdbcType=TIMESTAMP},
      </if>
      <if test="record.author != null">
        "author" = #{record.author,jdbcType=VARCHAR},
      </if>
      <if test="record.updater != null">
        "updater" = #{record.updater,jdbcType=VARCHAR},
      </if>
      <if test="record.authorizer != null">
        "authorizer" = #{record.authorizer,jdbcType=VARCHAR},
      </if>
      <if test="record.file_update_time != null">
        "file_update_time" = #{record.file_update_time,jdbcType=TIMESTAMP},
      </if>
      <if test="record.mask_status != null">
        "mask_status" = #{record.mask_status,jdbcType=INTEGER},
      </if>
      <if test="record.crawl_act_time != null">
        "crawl_act_time" = #{record.crawl_act_time,jdbcType=TIMESTAMP},
      </if>
      <if test="record.document_update_flg != null">
        "document_update_flg" = #{record.document_update_flg,jdbcType=BIT},
      </if>
      <if test="record.document_del_flg != null">
        "document_del_flg" = #{record.document_del_flg,jdbcType=BIT},
      </if>
      <if test="record.create_time != null">
        "create_time" = #{record.create_time,jdbcType=TIMESTAMP},
      </if>
      <if test="record.update_time != null">
        "update_time" = #{record.update_time,jdbcType=TIMESTAMP},
      </if>
      <if test="record.html_zip_data != null">
        "html_zip_data" = #{record.html_zip_data,jdbcType=BINARY},
      </if>
    </set>
    <if test="_parameter != null">
      <include refid="Update_By_Example_Where_Clause" />
    </if>
  </update>
  <update id="updateByExampleWithBLOBs" parameterType="map">
    <!--
      WARNING - @mbg.generated
      This element is automatically generated by MyBatis Generator, do not modify.
      This element was generated on Mon Oct 28 15:27:01 JST 2019.
    -->
    update "."document_info_internal"
    set "document_id" = #{record.document_id,jdbcType=INTEGER},
      "document_contents" = #{record.document_contents,jdbcType=VARCHAR},
      "server_id" = #{record.server_id,jdbcType=INTEGER},
      "document_name" = #{record.document_name,jdbcType=VARCHAR},
      "extension" = #{record.extension,jdbcType=VARCHAR},
      "document_size" = #{record.document_size,jdbcType=NUMERIC},
      "parent_id" = #{record.parent_id,jdbcType=INTEGER},
      "file_path" = #{record.file_path,jdbcType=VARCHAR},
      "marker" = #{record.marker,jdbcType=VARCHAR},
      "category_id" = #{record.category_id,jdbcType=INTEGER},
      "procenter_flg" = #{record.procenter_flg,jdbcType=BIT},
      "retention_period" = #{record.retention_period,jdbcType=TIMESTAMP},
      "author" = #{record.author,jdbcType=VARCHAR},
      "updater" = #{record.updater,jdbcType=VARCHAR},
      "authorizer" = #{record.authorizer,jdbcType=VARCHAR},
      "file_update_time" = #{record.file_update_time,jdbcType=TIMESTAMP},
      "mask_status" = #{record.mask_status,jdbcType=INTEGER},
      "crawl_act_time" = #{record.crawl_act_time,jdbcType=TIMESTAMP},
      "document_update_flg" = #{record.document_update_flg,jdbcType=BIT},
      "document_del_flg" = #{record.document_del_flg,jdbcType=BIT},
      "create_time" = #{record.create_time,jdbcType=TIMESTAMP},
      "update_time" = #{record.update_time,jdbcType=TIMESTAMP},
      "html_zip_data" = #{record.html_zip_data,jdbcType=BINARY}
    <if test="_parameter != null">
      <include refid="Update_By_Example_Where_Clause" />
    </if>
  </update>
  <update id="updateByExample" parameterType="map">
    <!--
      WARNING - @mbg.generated
      This element is automatically generated by MyBatis Generator, do not modify.
      This element was generated on Mon Oct 28 15:27:01 JST 2019.
    -->
    update "."document_info_internal"
    set "document_id" = #{record.document_id,jdbcType=INTEGER},
      "document_contents" = #{record.document_contents,jdbcType=VARCHAR},
      "server_id" = #{record.server_id,jdbcType=INTEGER},
      "document_name" = #{record.document_name,jdbcType=VARCHAR},
      "extension" = #{record.extension,jdbcType=VARCHAR},
      "document_size" = #{record.document_size,jdbcType=NUMERIC},
      "parent_id" = #{record.parent_id,jdbcType=INTEGER},
      "file_path" = #{record.file_path,jdbcType=VARCHAR},
      "marker" = #{record.marker,jdbcType=VARCHAR},
      "category_id" = #{record.category_id,jdbcType=INTEGER},
      "procenter_flg" = #{record.procenter_flg,jdbcType=BIT},
      "retention_period" = #{record.retention_period,jdbcType=TIMESTAMP},
      "author" = #{record.author,jdbcType=VARCHAR},
      "updater" = #{record.updater,jdbcType=VARCHAR},
      "authorizer" = #{record.authorizer,jdbcType=VARCHAR},
      "file_update_time" = #{record.file_update_time,jdbcType=TIMESTAMP},
      "mask_status" = #{record.mask_status,jdbcType=INTEGER},
      "crawl_act_time" = #{record.crawl_act_time,jdbcType=TIMESTAMP},
      "document_update_flg" = #{record.document_update_flg,jdbcType=BIT},
      "document_del_flg" = #{record.document_del_flg,jdbcType=BIT},
      "create_time" = #{record.create_time,jdbcType=TIMESTAMP},
      "update_time" = #{record.update_time,jdbcType=TIMESTAMP}
    <if test="_parameter != null">
      <include refid="Update_By_Example_Where_Clause" />
    </if>
  </update>
  <update id="updateByPrimaryKeySelective" parameterType="jp.co.nec.docmng.dao.entity.DocumentInfoInternal">
    <!--
      WARNING - @mbg.generated
      This element is automatically generated by MyBatis Generator, do not modify.
      This element was generated on Mon Oct 28 15:27:01 JST 2019.
    -->
    update "."document_info_internal"
    <set>
      <if test="document_contents != null">
        "document_contents" = #{document_contents,jdbcType=VARCHAR},
      </if>
      <if test="server_id != null">
        "server_id" = #{server_id,jdbcType=INTEGER},
      </if>
      <if test="document_name != null">
        "document_name" = #{document_name,jdbcType=VARCHAR},
      </if>
      <if test="extension != null">
        "extension" = #{extension,jdbcType=VARCHAR},
      </if>
      <if test="document_size != null">
        "document_size" = #{document_size,jdbcType=NUMERIC},
      </if>
      <if test="parent_id != null">
        "parent_id" = #{parent_id,jdbcType=INTEGER},
      </if>
      <if test="file_path != null">
        "file_path" = #{file_path,jdbcType=VARCHAR},
      </if>
      <if test="marker != null">
        "marker" = #{marker,jdbcType=VARCHAR},
      </if>
      <if test="category_id != null">
        "category_id" = #{category_id,jdbcType=INTEGER},
      </if>
      <if test="procenter_flg != null">
        "procenter_flg" = #{procenter_flg,jdbcType=BIT},
      </if>
      <if test="retention_period != null">
        "retention_period" = #{retention_period,jdbcType=TIMESTAMP},
      </if>
      <if test="author != null">
        "author" = #{author,jdbcType=VARCHAR},
      </if>
      <if test="updater != null">
        "updater" = #{updater,jdbcType=VARCHAR},
      </if>
      <if test="authorizer != null">
        "authorizer" = #{authorizer,jdbcType=VARCHAR},
      </if>
      <if test="file_update_time != null">
        "file_update_time" = #{file_update_time,jdbcType=TIMESTAMP},
      </if>
      <if test="mask_status != null">
        "mask_status" = #{mask_status,jdbcType=INTEGER},
      </if>
      <if test="crawl_act_time != null">
        "crawl_act_time" = #{crawl_act_time,jdbcType=TIMESTAMP},
      </if>
      <if test="document_update_flg != null">
        "document_update_flg" = #{document_update_flg,jdbcType=BIT},
      </if>
      <if test="document_del_flg != null">
        "document_del_flg" = #{document_del_flg,jdbcType=BIT},
      </if>
      <if test="create_time != null">
        "create_time" = #{create_time,jdbcType=TIMESTAMP},
      </if>
      <if test="update_time != null">
        "update_time" = #{update_time,jdbcType=TIMESTAMP},
      </if>
      <if test="html_zip_data != null">
        "html_zip_data" = #{html_zip_data,jdbcType=BINARY},
      </if>
    </set>
    where "document_id" = #{document_id,jdbcType=INTEGER}
  </update>
  <update id="updateByPrimaryKeyWithBLOBs" parameterType="jp.co.nec.docmng.dao.entity.DocumentInfoInternal">
    <!--
      WARNING - @mbg.generated
      This element is automatically generated by MyBatis Generator, do not modify.
      This element was generated on Mon Oct 28 15:27:01 JST 2019.
    -->
    update "."document_info_internal"
    set "document_contents" = #{document_contents,jdbcType=VARCHAR},
      "server_id" = #{server_id,jdbcType=INTEGER},
      "document_name" = #{document_name,jdbcType=VARCHAR},
      "extension" = #{extension,jdbcType=VARCHAR},
      "document_size" = #{document_size,jdbcType=NUMERIC},
      "parent_id" = #{parent_id,jdbcType=INTEGER},
      "file_path" = #{file_path,jdbcType=VARCHAR},
      "marker" = #{marker,jdbcType=VARCHAR},
      "category_id" = #{category_id,jdbcType=INTEGER},
      "procenter_flg" = #{procenter_flg,jdbcType=BIT},
      "retention_period" = #{retention_period,jdbcType=TIMESTAMP},
      "author" = #{author,jdbcType=VARCHAR},
      "updater" = #{updater,jdbcType=VARCHAR},
      "authorizer" = #{authorizer,jdbcType=VARCHAR},
      "file_update_time" = #{file_update_time,jdbcType=TIMESTAMP},
      "mask_status" = #{mask_status,jdbcType=INTEGER},
      "crawl_act_time" = #{crawl_act_time,jdbcType=TIMESTAMP},
      "document_update_flg" = #{document_update_flg,jdbcType=BIT},
      "document_del_flg" = #{document_del_flg,jdbcType=BIT},
      "create_time" = #{create_time,jdbcType=TIMESTAMP},
      "update_time" = #{update_time,jdbcType=TIMESTAMP},
      "html_zip_data" = #{html_zip_data,jdbcType=BINARY}
    where "document_id" = #{document_id,jdbcType=INTEGER}
  </update>
  <update id="updateByPrimaryKey" parameterType="jp.co.nec.docmng.dao.entity.DocumentInfoInternal">
    <!--
      WARNING - @mbg.generated
      This element is automatically generated by MyBatis Generator, do not modify.
      This element was generated on Mon Oct 28 15:27:01 JST 2019.
    -->
    update "."document_info_internal"
    set "document_contents" = #{document_contents,jdbcType=VARCHAR},
      "server_id" = #{server_id,jdbcType=INTEGER},
      "document_name" = #{document_name,jdbcType=VARCHAR},
      "extension" = #{extension,jdbcType=VARCHAR},
      "document_size" = #{document_size,jdbcType=NUMERIC},
      "parent_id" = #{parent_id,jdbcType=INTEGER},
      "file_path" = #{file_path,jdbcType=VARCHAR},
      "marker" = #{marker,jdbcType=VARCHAR},
      "category_id" = #{category_id,jdbcType=INTEGER},
      "procenter_flg" = #{procenter_flg,jdbcType=BIT},
      "retention_period" = #{retention_period,jdbcType=TIMESTAMP},
      "author" = #{author,jdbcType=VARCHAR},
      "updater" = #{updater,jdbcType=VARCHAR},
      "authorizer" = #{authorizer,jdbcType=VARCHAR},
      "file_update_time" = #{file_update_time,jdbcType=TIMESTAMP},
      "mask_status" = #{mask_status,jdbcType=INTEGER},
      "crawl_act_time" = #{crawl_act_time,jdbcType=TIMESTAMP},
      "document_update_flg" = #{document_update_flg,jdbcType=BIT},
      "document_del_flg" = #{document_del_flg,jdbcType=BIT},
      "create_time" = #{create_time,jdbcType=TIMESTAMP},
      "update_time" = #{update_time,jdbcType=TIMESTAMP}
    where "document_id" = #{document_id,jdbcType=INTEGER}
  </update>
</mapper>