<?xml version="1.0" encoding="UTF-8"?>
<!DOCTYPE mapper PUBLIC "-//mybatis.org//DTD Mapper 3.0//EN" "http://mybatis.org/dtd/mybatis-3-mapper.dtd">
<mapper namespace="jp.co.nec.docmng.dao.mapper.TmpMaskDocumentMapper">
  <resultMap id="BaseResultMap" type="jp.co.nec.docmng.dao.entity.TmpMaskDocument">
    <!--
      WARNING - @mbg.generated
      This element is automatically generated by MyBatis Generator, do not modify.
      This element was generated on Mon Oct 28 15:27:01 JST 2019.
    -->
    <id column="document_id" jdbcType="INTEGER" property="document_id" />
    <id column="user_id" jdbcType="VARCHAR" property="user_id" />
    <result column="edit_marker" jdbcType="VARCHAR" property="edit_marker" />
    <result column="create_time" jdbcType="TIMESTAMP" property="create_time" />
    <result column="update_time" jdbcType="TIMESTAMP" property="update_time" />
  </resultMap>
  <resultMap extends="BaseResultMap" id="ResultMapWithBLOBs" type="jp.co.nec.docmng.dao.entity.TmpMaskDocument">
    <!--
      WARNING - @mbg.generated
      This element is automatically generated by MyBatis Generator, do not modify.
      This element was generated on Mon Oct 28 15:27:01 JST 2019.
    -->
    <result column="html_zip_data" jdbcType="BINARY" property="html_zip_data" />
  </resultMap>
  <sql id="Example_Where_Clause">
    <!--
      WARNING - @mbg.generated
      This element is automatically generated by MyBatis Generator, do not modify.
      This element was generated on Mon Oct 28 15:27:01 JST 2019.
    -->
    <where>
      <foreach collection="oredCriteria" item="criteria" separator="or">
        <if test="criteria.valid">
          <trim prefix="(" prefixOverrides="and" suffix=")">
            <foreach collection="criteria.criteria" item="criterion">
              <choose>
                <when test="criterion.noValue">
                  and ${criterion.condition}
                </when>
                <when test="criterion.singleValue">
                  and ${criterion.condition} #{criterion.value}
                </when>
                <when test="criterion.betweenValue">
                  and ${criterion.condition} #{criterion.value} and #{criterion.secondValue}
                </when>
                <when test="criterion.listValue">
                  and ${criterion.condition}
                  <foreach close=")" collection="criterion.value" item="listItem" open="(" separator=",">
                    #{listItem}
                  </foreach>
                </when>
              </choose>
            </foreach>
          </trim>
        </if>
      </foreach>
    </where>
  </sql>
  <sql id="Update_By_Example_Where_Clause">
    <!--
      WARNING - @mbg.generated
      This element is automatically generated by MyBatis Generator, do not modify.
      This element was generated on Mon Oct 28 15:27:01 JST 2019.
    -->
    <where>
      <foreach collection="example.oredCriteria" item="criteria" separator="or">
        <if test="criteria.valid">
          <trim prefix="(" prefixOverrides="and" suffix=")">
            <foreach collection="criteria.criteria" item="criterion">
              <choose>
                <when test="criterion.noValue">
                  and ${criterion.condition}
                </when>
                <when test="criterion.singleValue">
                  and ${criterion.condition} #{criterion.value}
                </when>
                <when test="criterion.betweenValue">
                  and ${criterion.condition} #{criterion.value} and #{criterion.secondValue}
                </when>
                <when test="criterion.listValue">
                  and ${criterion.condition}
                  <foreach close=")" collection="criterion.value" item="listItem" open="(" separator=",">
                    #{listItem}
                  </foreach>
                </when>
              </choose>
            </foreach>
          </trim>
        </if>
      </foreach>
    </where>
  </sql>
  <sql id="Base_Column_List">
    <!--
      WARNING - @mbg.generated
      This element is automatically generated by MyBatis Generator, do not modify.
      This element was generated on Mon Oct 28 15:27:01 JST 2019.
    -->
    "document_id", "user_id", "edit_marker", "create_time", "update_time"
  </sql>
  <sql id="Blob_Column_List">
    <!--
      WARNING - @mbg.generated
      This element is automatically generated by MyBatis Generator, do not modify.
      This element was generated on Mon Oct 28 15:27:01 JST 2019.
    -->
    "html_zip_data"
  </sql>
  <select id="selectByExampleWithBLOBs" parameterType="jp.co.nec.docmng.dao.entity.TmpMaskDocumentExample" resultMap="ResultMapWithBLOBs">
    <!--
      WARNING - @mbg.generated
      This element is automatically generated by MyBatis Generator, do not modify.
      This element was generated on Mon Oct 28 15:27:01 JST 2019.
    -->
    select
    <if test="distinct">
      distinct
    </if>
    <include refid="Base_Column_List" />
    ,
    <include refid="Blob_Column_List" />
    from "."tmp_mask_document"
    <if test="_parameter != null">
      <include refid="Example_Where_Clause" />
    </if>
    <if test="orderByClause != null">
      order by ${orderByClause}
    </if>
  </select>
  <select id="selectByExample" parameterType="jp.co.nec.docmng.dao.entity.TmpMaskDocumentExample" resultMap="BaseResultMap">
    <!--
      WARNING - @mbg.generated
      This element is automatically generated by MyBatis Generator, do not modify.
      This element was generated on Mon Oct 28 15:27:01 JST 2019.
    -->
    select
    <if test="distinct">
      distinct
    </if>
    <include refid="Base_Column_List" />
    from "."tmp_mask_document"
    <if test="_parameter != null">
      <include refid="Example_Where_Clause" />
    </if>
    <if test="orderByClause != null">
      order by ${orderByClause}
    </if>
  </select>
  <select id="selectByPrimaryKey" parameterType="jp.co.nec.docmng.dao.entity.TmpMaskDocumentKey" resultMap="ResultMapWithBLOBs">
    <!--
      WARNING - @mbg.generated
      This element is automatically generated by MyBatis Generator, do not modify.
      This element was generated on Mon Oct 28 15:27:01 JST 2019.
    -->
    select 
    <include refid="Base_Column_List" />
    ,
    <include refid="Blob_Column_List" />
    from "."tmp_mask_document"
    where "document_id" = #{document_id,jdbcType=INTEGER}
      and "user_id" = #{user_id,jdbcType=VARCHAR}
  </select>
  <delete id="deleteByPrimaryKey" parameterType="jp.co.nec.docmng.dao.entity.TmpMaskDocumentKey">
    <!--
      WARNING - @mbg.generated
      This element is automatically generated by MyBatis Generator, do not modify.
      This element was generated on Mon Oct 28 15:27:01 JST 2019.
    -->
    delete from "."tmp_mask_document"
    where "document_id" = #{document_id,jdbcType=INTEGER}
      and "user_id" = #{user_id,jdbcType=VARCHAR}
  </delete>
  <delete id="deleteByExample" parameterType="jp.co.nec.docmng.dao.entity.TmpMaskDocumentExample">
    <!--
      WARNING - @mbg.generated
      This element is automatically generated by MyBatis Generator, do not modify.
      This element was generated on Mon Oct 28 15:27:01 JST 2019.
    -->
    delete from "."tmp_mask_document"
    <if test="_parameter != null">
      <include refid="Example_Where_Clause" />
    </if>
  </delete>
  <insert id="insert" parameterType="jp.co.nec.docmng.dao.entity.TmpMaskDocument">
    <!--
      WARNING - @mbg.generated
      This element is automatically generated by MyBatis Generator, do not modify.
      This element was generated on Mon Oct 28 15:27:01 JST 2019.
    -->
    insert into "."tmp_mask_document" ("document_id", "user_id", "edit_marker", 
      "create_time", "update_time", "html_zip_data"
      )
    values (#{document_id,jdbcType=INTEGER}, #{user_id,jdbcType=VARCHAR}, #{edit_marker,jdbcType=VARCHAR}, 
      #{create_time,jdbcType=TIMESTAMP}, #{update_time,jdbcType=TIMESTAMP}, #{html_zip_data,jdbcType=BINARY}
      )
  </insert>
  <insert id="insertSelective" parameterType="jp.co.nec.docmng.dao.entity.TmpMaskDocument">
    <!--
      WARNING - @mbg.generated
      This element is automatically generated by MyBatis Generator, do not modify.
      This element was generated on Mon Oct 28 15:27:01 JST 2019.
    -->
    insert into "."tmp_mask_document"
    <trim prefix="(" suffix=")" suffixOverrides=",">
      <if test="document_id != null">
        "document_id",
      </if>
      <if test="user_id != null">
        "user_id",
      </if>
      <if test="edit_marker != null">
        "edit_marker",
      </if>
      <if test="create_time != null">
        "create_time",
      </if>
      <if test="update_time != null">
        "update_time",
      </if>
      <if test="html_zip_data != null">
        "html_zip_data",
      </if>
    </trim>
    <trim prefix="values (" suffix=")" suffixOverrides=",">
      <if test="document_id != null">
        #{document_id,jdbcType=INTEGER},
      </if>
      <if test="user_id != null">
        #{user_id,jdbcType=VARCHAR},
      </if>
      <if test="edit_marker != null">
        #{edit_marker,jdbcType=VARCHAR},
      </if>
      <if test="create_time != null">
        #{create_time,jdbcType=TIMESTAMP},
      </if>
      <if test="update_time != null">
        #{update_time,jdbcType=TIMESTAMP},
      </if>
      <if test="html_zip_data != null">
        #{html_zip_data,jdbcType=BINARY},
      </if>
    </trim>
  </insert>
  <select id="countByExample" parameterType="jp.co.nec.docmng.dao.entity.TmpMaskDocumentExample" resultType="java.lang.Long">
    <!--
      WARNING - @mbg.generated
      This element is automatically generated by MyBatis Generator, do not modify.
      This element was generated on Mon Oct 28 15:27:01 JST 2019.
    -->
    select count(*) from "."tmp_mask_document"
    <if test="_parameter != null">
      <include refid="Example_Where_Clause" />
    </if>
  </select>
  <update id="updateByExampleSelective" parameterType="map">
    <!--
      WARNING - @mbg.generated
      This element is automatically generated by MyBatis Generator, do not modify.
      This element was generated on Mon Oct 28 15:27:01 JST 2019.
    -->
    update "."tmp_mask_document"
    <set>
      <if test="record.document_id != null">
        "document_id" = #{record.document_id,jdbcType=INTEGER},
      </if>
      <if test="record.user_id != null">
        "user_id" = #{record.user_id,jdbcType=VARCHAR},
      </if>
      <if test="record.edit_marker != null">
        "edit_marker" = #{record.edit_marker,jdbcType=VARCHAR},
      </if>
      <if test="record.create_time != null">
        "create_time" = #{record.create_time,jdbcType=TIMESTAMP},
      </if>
      <if test="record.update_time != null">
        "update_time" = #{record.update_time,jdbcType=TIMESTAMP},
      </if>
      <if test="record.html_zip_data != null">
        "html_zip_data" = #{record.html_zip_data,jdbcType=BINARY},
      </if>
    </set>
    <if test="_parameter != null">
      <include refid="Update_By_Example_Where_Clause" />
    </if>
  </update>
  <update id="updateByExampleWithBLOBs" parameterType="map">
    <!--
      WARNING - @mbg.generated
      This element is automatically generated by MyBatis Generator, do not modify.
      This element was generated on Mon Oct 28 15:27:01 JST 2019.
    -->
    update "."tmp_mask_document"
    set "document_id" = #{record.document_id,jdbcType=INTEGER},
      "user_id" = #{record.user_id,jdbcType=VARCHAR},
      "edit_marker" = #{record.edit_marker,jdbcType=VARCHAR},
      "create_time" = #{record.create_time,jdbcType=TIMESTAMP},
      "update_time" = #{record.update_time,jdbcType=TIMESTAMP},
      "html_zip_data" = #{record.html_zip_data,jdbcType=BINARY}
    <if test="_parameter != null">
      <include refid="Update_By_Example_Where_Clause" />
    </if>
  </update>
  <update id="updateByExample" parameterType="map">
    <!--
      WARNING - @mbg.generated
      This element is automatically generated by MyBatis Generator, do not modify.
      This element was generated on Mon Oct 28 15:27:01 JST 2019.
    -->
    update "."tmp_mask_document"
    set "document_id" = #{record.document_id,jdbcType=INTEGER},
      "user_id" = #{record.user_id,jdbcType=VARCHAR},
      "edit_marker" = #{record.edit_marker,jdbcType=VARCHAR},
      "create_time" = #{record.create_time,jdbcType=TIMESTAMP},
      "update_time" = #{record.update_time,jdbcType=TIMESTAMP}
    <if test="_parameter != null">
      <include refid="Update_By_Example_Where_Clause" />
    </if>
  </update>
  <update id="updateByPrimaryKeySelective" parameterType="jp.co.nec.docmng.dao.entity.TmpMaskDocument">
    <!--
      WARNING - @mbg.generated
      This element is automatically generated by MyBatis Generator, do not modify.
      This element was generated on Mon Oct 28 15:27:01 JST 2019.
    -->
    update "."tmp_mask_document"
    <set>
      <if test="edit_marker != null">
        "edit_marker" = #{edit_marker,jdbcType=VARCHAR},
      </if>
      <if test="create_time != null">
        "create_time" = #{create_time,jdbcType=TIMESTAMP},
      </if>
      <if test="update_time != null">
        "update_time" = #{update_time,jdbcType=TIMESTAMP},
      </if>
      <if test="html_zip_data != null">
        "html_zip_data" = #{html_zip_data,jdbcType=BINARY},
      </if>
    </set>
    where "document_id" = #{document_id,jdbcType=INTEGER}
      and "user_id" = #{user_id,jdbcType=VARCHAR}
  </update>
  <update id="updateByPrimaryKeyWithBLOBs" parameterType="jp.co.nec.docmng.dao.entity.TmpMaskDocument">
    <!--
      WARNING - @mbg.generated
      This element is automatically generated by MyBatis Generator, do not modify.
      This element was generated on Mon Oct 28 15:27:01 JST 2019.
    -->
    update "."tmp_mask_document"
    set "edit_marker" = #{edit_marker,jdbcType=VARCHAR},
      "create_time" = #{create_time,jdbcType=TIMESTAMP},
      "update_time" = #{update_time,jdbcType=TIMESTAMP},
      "html_zip_data" = #{html_zip_data,jdbcType=BINARY}
    where "document_id" = #{document_id,jdbcType=INTEGER}
      and "user_id" = #{user_id,jdbcType=VARCHAR}
  </update>
  <update id="updateByPrimaryKey" parameterType="jp.co.nec.docmng.dao.entity.TmpMaskDocument">
    <!--
      WARNING - @mbg.generated
      This element is automatically generated by MyBatis Generator, do not modify.
      This element was generated on Mon Oct 28 15:27:01 JST 2019.
    -->
    update "."tmp_mask_document"
    set "edit_marker" = #{edit_marker,jdbcType=VARCHAR},
      "create_time" = #{create_time,jdbcType=TIMESTAMP},
      "update_time" = #{update_time,jdbcType=TIMESTAMP}
    where "document_id" = #{document_id,jdbcType=INTEGER}
      and "user_id" = #{user_id,jdbcType=VARCHAR}
  </update>
</mapper>