<?xml version="1.0" encoding="UTF-8" ?>
<!DOCTYPE configuration
  PUBLIC "-//mybatis.org//DTD Config 3.0//EN"
  "http://mybatis.org/dtd/mybatis-3-config.dtd">
<configuration>

<!--     JDBCの設定です(1) -->
    <environments default="admin">
        <environment id="admin">
            <transactionManager type="JDBC" />
            <dataSource type="POOLED">
                <property name="driver" value="org.postgresql.Driver" />
                <property name="url" value="jdbc:postgresql://localhost:5432/document_manage" />
                <property name="username" value="postgres" />
                <property name="password" value="postgres" />
            </dataSource>
        </environment>
    </environments>

<!--     エンティティのパッケージを指定します(2) -->

	<mappers>
 		<mapper resource="mapper/admin/CategoryInfoMapper.xml"/>
 		<mapper resource="mapper/admin/PolicyInfoMapper.xml"/>
 		<mapper resource="mapper/admin/PolicyKeywordInfoMapper.xml"/>
 		<mapper resource="mapper/admin/SearchServerInfoMapper.xml"/>
 		<mapper resource="mapper/admin/TmpTeacherCategoryListMapper.xml"/>
 		<mapper resource="mapper/admin/TmpTeacherPolicyListMapper.xml"/>
 		<mapper resource="mapper/admin/UserInfoMapper.xml"/>

 		<mapper resource="mapper/common/DirectoryInfoInternalMapper.xml"/>
 		<mapper resource="mapper/common/DirectoryInfoMapper.xml"/>
 		<mapper resource="mapper/common/DocumentInfoInternalMapper.xml"/>
 		<mapper resource="mapper/common/DocumentInfoMapper.xml"/>
 		<mapper resource="mapper/common/MaskDocumentMapper.xml"/>
 		<mapper resource="mapper/common/MaskDocumentMarkerMapper.xml"/>
 		<mapper resource="mapper/common/TmpMaskDocumentMapper.xml"/>
 		<mapper resource="mapper/common/TmpMaskDocumentMarkerMapper.xml"/>
	</mappers>



</configuration>
