<?xml version="1.0" encoding="UTF-8" ?>
<!DOCTYPE generatorConfiguration PUBLIC "-//mybatis.org//DTD MyBatis Generator Configuration 1.0//EN" "http://mybatis.org/dtd/mybatis-generator-config_1_0.dtd">

<generatorConfiguration>
  <context id="PostgresTables" targetRuntime="MyBatis3">

    <!-- スキーマ情報を取得する DB への接続設定 -->
    <jdbcConnection driverClass="org.postgresql.Driver"
        connectionURL="jdbc:postgresql://localhost:5432/document_manage"
        userId="postgres"
        password="postgres">
    </jdbcConnection>

    <!--
       targetPackage : 生成先パッケージ
       targetProject : プロジェクトディレクトリから生成先パッケージの親ディレクトリまでのパス
     -->

    <!-- SELECT 結果等を格納するドメインモデルを生成する設定 -->
    <javaModelGenerator targetPackage="jp.co.nec.manegedDoc.dao.entity" targetProject="10_SpringMask/src/main/java">
        <property name="enableSubPackages" value="true" />
        <property name="trimStrings" value="true" />
    </javaModelGenerator>

    <!-- SQL 設定が記述された XML を生成する設定 -->
    <sqlMapGenerator targetPackage="resources.mapper" targetProject="10_SpringMask/src/main/resources/">
        <property name="enableSubPackages" value="true" />
    </sqlMapGenerator>


    <!-- マッパークラスを生成する設定 -->
    <javaClientGenerator type="XMLMAPPER" targetPackage="jp.co.nec.manegedDoc.dao.mapper" targetProject="10_SpringMask/src/main/java">
        <property name="enableSubPackages" value="true" />
    </javaClientGenerator>




    <!-- コードを生成するテーブルを指定 -->
    <table schema="admin" tableName="category_info">
        <property name="useActualColumnNames" value="true" />
    </table>
    <table schema="admin" tableName="policy_info">
        <property name="useActualColumnNames" value="true" />
    </table>    

  </context>
</generatorConfiguration>
